raw_file_id,survey_id,raw_source,archive_path,inner_name,file_size,platform,ingested_at
raw_0001,tally_w5k75d,/var/folders/y7/z20t7xkd2w7_cy1_ksrzxwxh0000gn/T/tally_export.zip,tally_export/Ваш опыт использования электрозарядных станций_ Опрос владельцев электромобилей [w5k75d].csv,tally_export/Ваш опыт использования электрозарядных станций_ Опрос владельцев электромобилей [w5k75d].csv,675673,Tally,2026-06-04T02:24:16
raw_0002,tally_3Ex5xX,/var/folders/y7/z20t7xkd2w7_cy1_ksrzxwxh0000gn/T/tally_export.zip,tally_export/Исследование работодателей рынка недвижимости [3Ex5xX].csv,tally_export/Исследование работодателей рынка недвижимости [3Ex5xX].csv,325142,Tally,2026-06-04T02:24:16
raw_0003,tally_mZ6Rp0,/var/folders/y7/z20t7xkd2w7_cy1_ksrzxwxh0000gn/T/tally_export.zip,tally_export/Внешняя анкета - факторы выбора работодателя [mZ6Rp0].csv,tally_export/Внешняя анкета - факторы выбора работодателя [mZ6Rp0].csv,1213931,Tally,2026-06-04T02:24:16
raw_0004,tally_mO05EK,/var/folders/y7/z20t7xkd2w7_cy1_ksrzxwxh0000gn/T/tally_export.zip,tally_export/Опрос про автомобили (Тамбов) [mO05EK].csv,tally_export/Опрос про автомобили (Тамбов) [mO05EK].csv,2122138,Tally,2026-06-04T02:24:16
raw_0005,tally_mYWglz,/var/folders/y7/z20t7xkd2w7_cy1_ksrzxwxh0000gn/T/tally_export.zip,tally_export/Анкета клиентов Печорин [mYWglz].csv,tally_export/Анкета клиентов Печорин [mYWglz].csv,1979470,Tally,2026-06-04T02:24:16
raw_0006,tally_wdAOjN,/var/folders/y7/z20t7xkd2w7_cy1_ksrzxwxh0000gn/T/tally_export.zip,tally_export/ФФ. Анкета количественного исследования. [wdAOjN].csv,tally_export/ФФ. Анкета количественного исследования. [wdAOjN].csv,434259,Tally,2026-06-04T02:24:16
raw_0007,tally_mKLDog,/var/folders/y7/z20t7xkd2w7_cy1_ksrzxwxh0000gn/T/tally_export.zip,tally_export/Анкета о предпочтениях в выборе ПК_услуг_периферии [mKLDog].csv,tally_export/Анкета о предпочтениях в выборе ПК_услуг_периферии [mKLDog].csv,474142,Tally,2026-06-04T02:24:16
raw_0008,tally_wg9kZl,/var/folders/y7/z20t7xkd2w7_cy1_ksrzxwxh0000gn/T/tally_export.zip,tally_export/Анкета для количественного исследования РусАгроПром [wg9kZl].csv,tally_export/Анкета для количественного исследования РусАгроПром [wg9kZl].csv,1937702,Tally,2026-06-04T02:24:16
raw_0009,tally_mRPA74,/var/folders/y7/z20t7xkd2w7_cy1_ksrzxwxh0000gn/T/tally_export.zip,tally_export/Анкета для опроса _Альтмед+_ [mRPA74].csv,tally_export/Анкета для опроса _Альтмед+_ [mRPA74].csv,1250814,Tally,2026-06-04T02:24:17
raw_0010,tally_wvPDzA,/var/folders/y7/z20t7xkd2w7_cy1_ksrzxwxh0000gn/T/tally_export.zip,tally_export/ЭТАЖИ. Внутренний опрос. [wvPDzA].csv,tally_export/ЭТАЖИ. Внутренний опрос. [wvPDzA].csv,238721,Tally,2026-06-04T02:24:17
raw_0011,tally_wM5zyg,/var/folders/y7/z20t7xkd2w7_cy1_ksrzxwxh0000gn/T/tally_export.zip,tally_export/Опрос про автомобили (Ставрополь) [wM5zyg].csv,tally_export/Опрос про автомобили (Ставрополь) [wM5zyg].csv,2006720,Tally,2026-06-04T02:24:17
raw_0012,tally_3yy174,/var/folders/y7/z20t7xkd2w7_cy1_ksrzxwxh0000gn/T/tally_export.zip,tally_export/Сибагро. Опрос внутренний [3yy174].csv,tally_export/Сибагро. Опрос внутренний [3yy174].csv,3034009,Tally,2026-06-04T02:24:17
raw_0013,tally_wzZb98,/var/folders/y7/z20t7xkd2w7_cy1_ksrzxwxh0000gn/T/tally_export.zip,tally_export/Анкета для опроса клиентов магазинов бытовой техники (Регионы) [wzZb98].csv,tally_export/Анкета для опроса клиентов магазинов бытовой техники (Регионы) [wzZb98].csv,2268032,Tally,2026-06-04T02:24:17
raw_0014,tally_3NXzGp,/var/folders/y7/z20t7xkd2w7_cy1_ksrzxwxh0000gn/T/tally_export.zip,tally_export/Потребительские предпочтения в выборе сыров (офлайн) FINAL [3NXzGp].csv,tally_export/Потребительские предпочтения в выборе сыров (офлайн) FINAL [3NXzGp].csv,1351058,Tally,2026-06-04T02:24:17
raw_0015,tally_3E0QYq,/var/folders/y7/z20t7xkd2w7_cy1_ksrzxwxh0000gn/T/tally_export.zip,tally_export/Опрос про автомобили (Липецк) [3E0QYq].csv,tally_export/Опрос про автомобили (Липецк) [3E0QYq].csv,2091757,Tally,2026-06-04T02:24:17
raw_0016,tally_3y2jV8,/var/folders/y7/z20t7xkd2w7_cy1_ksrzxwxh0000gn/T/tally_export.zip,tally_export/DMC анкета опросов (6) [3y2jV8].csv,tally_export/DMC анкета опросов (6) [3y2jV8].csv,820474,Tally,2026-06-04T02:24:17
raw_0017,tally_3XWL74,/var/folders/y7/z20t7xkd2w7_cy1_ksrzxwxh0000gn/T/tally_export.zip,tally_export/Главстрой Санкт-Петербург. Внутренний опрос. [3XWL74].csv,tally_export/Главстрой Санкт-Петербург. Внутренний опрос. [3XWL74].csv,3126706,Tally,2026-06-04T02:24:17
raw_0018,tally_me60Nl,/var/folders/y7/z20t7xkd2w7_cy1_ksrzxwxh0000gn/T/tally_export.zip,tally_export/Русский продукт. Магадан - Количественное исследование [me60Nl].csv,tally_export/Русский продукт. Магадан - Количественное исследование [me60Nl].csv,2942341,Tally,2026-06-04T02:24:17
raw_0019,tally_w2Go1L,/var/folders/y7/z20t7xkd2w7_cy1_ksrzxwxh0000gn/T/tally_export.zip,tally_export/Кинекст [w2Go1L].csv,tally_export/Кинекст [w2Go1L].csv,1339394,Tally,2026-06-04T02:24:17
raw_0020,tally_31dpWg,/var/folders/y7/z20t7xkd2w7_cy1_ksrzxwxh0000gn/T/tally_export.zip,tally_export/Опрос-исследование опыта использования программ лояльности [31dpWg].csv,tally_export/Опрос-исследование опыта использования программ лояльности [31dpWg].csv,4895144,Tally,2026-06-04T02:24:17
raw_0021,tally_3xMKXJ,/var/folders/y7/z20t7xkd2w7_cy1_ksrzxwxh0000gn/T/tally_export.zip,tally_export/Количественное исследование для DFC [3xMKXJ].csv,tally_export/Количественное исследование для DFC [3xMKXJ].csv,1362665,Tally,2026-06-04T02:24:17
raw_0022,tally_wgoNMD,/var/folders/y7/z20t7xkd2w7_cy1_ksrzxwxh0000gn/T/tally_export.zip,tally_export/Кинекст (Палумяэ) [wgoNMD].csv,tally_export/Кинекст (Палумяэ) [wgoNMD].csv,720647,Tally,2026-06-04T02:24:17
raw_0023,tally_w46pbO,/var/folders/y7/z20t7xkd2w7_cy1_ksrzxwxh0000gn/T/tally_export.zip,tally_export/Анкета онлайн опроса для клиентов Восточки [w46pbO].csv,tally_export/Анкета онлайн опроса для клиентов Восточки [w46pbO].csv,642888,Tally,2026-06-04T02:24:17
raw_0024,tally_nrxkLp,/var/folders/y7/z20t7xkd2w7_cy1_ksrzxwxh0000gn/T/tally_export.zip,tally_export/Опрос потребителей о привычках и выборе товаров для здоровья и домашнего использ [nrxkLp].csv,tally_export/Опрос потребителей о привычках и выборе товаров для здоровья и домашнего использ [nrxkLp].csv,1281192,Tally,2026-06-04T02:24:17
raw_0025,tally_mOXMkY,/var/folders/y7/z20t7xkd2w7_cy1_ksrzxwxh0000gn/T/tally_export.zip,tally_export/Исследование рынка косметологических услуг в г. Самара [mOXMkY].csv,tally_export/Исследование рынка косметологических услуг в г. Самара [mOXMkY].csv,503483,Tally,2026-06-04T02:24:17
raw_0026,tally_nrOG9R,/var/folders/y7/z20t7xkd2w7_cy1_ksrzxwxh0000gn/T/tally_export.zip,tally_export/Исследование потребительских особенностей в медицинских услугах [nrOG9R].csv,tally_export/Исследование потребительских особенностей в медицинских услугах [nrOG9R].csv,523975,Tally,2026-06-04T02:24:17
raw_0027,tally_w2Q0b9,/var/folders/y7/z20t7xkd2w7_cy1_ksrzxwxh0000gn/T/tally_export.zip,tally_export/EN. Исследование по аудитории пациентов в Казахстане [w2Q0b9].csv,tally_export/EN. Исследование по аудитории пациентов в Казахстане [w2Q0b9].csv,1290256,Tally,2026-06-04T02:24:17
raw_0028,tally_3EdEXq,/var/folders/y7/z20t7xkd2w7_cy1_ksrzxwxh0000gn/T/tally_export.zip,tally_export/КПК72 [3EdEXq].csv,tally_export/КПК72 [3EdEXq].csv,298003,Tally,2026-06-04T02:24:18
raw_0029,tally_w4jl05,/var/folders/y7/z20t7xkd2w7_cy1_ksrzxwxh0000gn/T/tally_export.zip,tally_export/Анкета количественного исследования для ГРФ (неклиенты)_2 [w4jl05].csv,tally_export/Анкета количественного исследования для ГРФ (неклиенты)_2 [w4jl05].csv,625200,Tally,2026-06-04T02:24:18
raw_0030,tally_meaMNl,/var/folders/y7/z20t7xkd2w7_cy1_ksrzxwxh0000gn/T/tally_export.zip,tally_export/(ДЖУГ неклиенты) Исследование опыта участников IT-конференций [meaMNl].csv,tally_export/(ДЖУГ неклиенты) Исследование опыта участников IT-конференций [meaMNl].csv,1425653,Tally,2026-06-04T02:24:18
raw_0031,tally_3j1bra,/var/folders/y7/z20t7xkd2w7_cy1_ksrzxwxh0000gn/T/tally_export.zip,tally_export/Опрос про губки [3j1bra].csv,tally_export/Опрос про губки [3j1bra].csv,733073,Tally,2026-06-04T02:24:18
raw_0032,tally_mYZDvN,/var/folders/y7/z20t7xkd2w7_cy1_ksrzxwxh0000gn/T/tally_export.zip,tally_export/Альтернатива. Внутренний опрос. [mYZDvN].csv,tally_export/Альтернатива. Внутренний опрос. [mYZDvN].csv,1955334,Tally,2026-06-04T02:24:18
raw_0033,tally_3XDlbe,/var/folders/y7/z20t7xkd2w7_cy1_ksrzxwxh0000gn/T/tally_export.zip,tally_export/Национальная лотерея [3XDlbe].csv,tally_export/Национальная лотерея [3XDlbe].csv,1038491,Tally,2026-06-04T02:24:18
raw_0034,tally_nP6Jkx,/var/folders/y7/z20t7xkd2w7_cy1_ksrzxwxh0000gn/T/tally_export.zip,tally_export/Октобанк [nP6Jkx].csv,tally_export/Октобанк [nP6Jkx].csv,910580,Tally,2026-06-04T02:24:18
raw_0035,tally_wADybN,/var/folders/y7/z20t7xkd2w7_cy1_ksrzxwxh0000gn/T/tally_export.zip,tally_export/Анкетирование сотрудников _БФТ_. [wADybN].csv,tally_export/Анкетирование сотрудников _БФТ_. [wADybN].csv,1156089,Tally,2026-06-04T02:24:18
raw_0036,tally_wkYYpR,/var/folders/y7/z20t7xkd2w7_cy1_ksrzxwxh0000gn/T/tally_export.zip,tally_export/Анкета для количественного исследования К+31 [wkYYpR].csv,tally_export/Анкета для количественного исследования К+31 [wkYYpR].csv,1013183,Tally,2026-06-04T02:24:18
raw_0037,tally_31egdp,/var/folders/y7/z20t7xkd2w7_cy1_ksrzxwxh0000gn/T/tally_export.zip,tally_export/Анкета для опросов не клиентов Восточки [31egdp].csv,tally_export/Анкета для опросов не клиентов Восточки [31egdp].csv,492422,Tally,2026-06-04T02:24:18
raw_0038,tally_3ENlQo,/var/folders/y7/z20t7xkd2w7_cy1_ksrzxwxh0000gn/T/tally_export.zip,tally_export/Исследование потребительских предпочтений и факторов выбора при оформлении займо [3ENlQo].csv,tally_export/Исследование потребительских предпочтений и факторов выбора при оформлении займо [3ENlQo].csv,790509,Tally,2026-06-04T02:24:18
raw_0039,tally_mBBxqQ,/var/folders/y7/z20t7xkd2w7_cy1_ksrzxwxh0000gn/T/tally_export.zip,tally_export/Опрос сотрудников Корпорации Термекс [mBBxqQ].csv,tally_export/Опрос сотрудников Корпорации Термекс [mBBxqQ].csv,1920489,Tally,2026-06-04T02:24:18
raw_0040,tally_woXJlV,/var/folders/y7/z20t7xkd2w7_cy1_ksrzxwxh0000gn/T/tally_export.zip,tally_export/Ringo. Հարցաթերթիկ հաճախորդների համար﻿ [woXJlV].csv,tally_export/Ringo. Հարցաթերթիկ հաճախորդների համար [woXJlV].csv,9066692,Tally,2026-06-04T02:24:18
raw_0041,tally_3XVBRO,/var/folders/y7/z20t7xkd2w7_cy1_ksrzxwxh0000gn/T/tally_export.zip,tally_export/Опрос-исследование фитнес-клубы [3XVBRO].csv,tally_export/Опрос-исследование фитнес-клубы [3XVBRO].csv,484065,Tally,2026-06-04T02:24:18
raw_0042,tally_mJ0A4r,/var/folders/y7/z20t7xkd2w7_cy1_ksrzxwxh0000gn/T/tally_export.zip,tally_export/Опрос про автомобили (Ростов) [mJ0A4r].csv,tally_export/Опрос про автомобили (Ростов) [mJ0A4r].csv,2624458,Tally,2026-06-04T02:24:18
raw_0043,tally_3Ele0q,/var/folders/y7/z20t7xkd2w7_cy1_ksrzxwxh0000gn/T/tally_export.zip,tally_export/ГИНЗА Бани. Опрос-исследование опыта использования банных комплексов и SPA центр [3Ele0q].csv,tally_export/ГИНЗА Бани. Опрос-исследование опыта использования банных комплексов и SPA центр [3Ele0q].csv,3744878,Tally,2026-06-04T02:24:18
raw_0044,tally_w4rGld,/var/folders/y7/z20t7xkd2w7_cy1_ksrzxwxh0000gn/T/tally_export.zip,tally_export/Муста Ярви [w4rGld].csv,tally_export/Муста Ярви [w4rGld].csv,298597,Tally,2026-06-04T02:24:19
raw_0045,tally_w72GRP,/var/folders/y7/z20t7xkd2w7_cy1_ksrzxwxh0000gn/T/tally_export.zip,tally_export/Анкета НЕклиентов Печорин [w72GRP].csv,tally_export/Анкета НЕклиентов Печорин [w72GRP].csv,2878480,Tally,2026-06-04T02:24:19
raw_0046,survey_e5dd2ce96ea5,/var/folders/y7/z20t7xkd2w7_cy1_ksrzxwxh0000gn/T/Опросы.zip,Опросы/anketolog-report-2132990-survey-1035748-dinastiya-s-neklientyi-L60lTZ.xlsx,Опросы/anketolog-report-2132990-survey-1035748-dinastiya-s-neklientyi-L60lTZ.xlsx,119403,XLSX,2026-06-04T02:24:19
raw_0047,survey_674b0a7f7320,/var/folders/y7/z20t7xkd2w7_cy1_ksrzxwxh0000gn/T/Опросы.zip,Опросы/anketolog-report-2082085-survey-998428-santerra-anketa-dlya-neklientov-xpDLQd.xlsx,Опросы/anketolog-report-2082085-survey-998428-santerra-anketa-dlya-neklientov-xpDLQd.xlsx,40173,XLSX,2026-06-04T02:24:19
raw_0048,survey_29b4c05c8650,/var/folders/y7/z20t7xkd2w7_cy1_ksrzxwxh0000gn/T/Опросы.zip,Опросы/anketolog-report-2116057-survey-1020398-mts21-oprosyi-neklientov-5SVfOs.xlsx,Опросы/anketolog-report-2116057-survey-1020398-mts21-oprosyi-neklientov-5SVfOs.xlsx,31026,XLSX,2026-06-04T02:24:19
raw_0049,survey_ad67d09c1eb7,/var/folders/y7/z20t7xkd2w7_cy1_ksrzxwxh0000gn/T/Опросы.zip,Опросы/anketolog-report-2120048-survey-1029416-abrau-resvera-H1kZUY.xlsx,Опросы/anketolog-report-2120048-survey-1029416-abrau-resvera-H1kZUY.xlsx,389258,XLSX,2026-06-04T02:24:20
raw_0050,survey_ad2f73b59804,/var/folders/y7/z20t7xkd2w7_cy1_ksrzxwxh0000gn/T/Опросы.zip,Опросы/anketolog-report-2115153-survey-1027170-opros-o-ryinke-materialov-dlya-naruzhnoy-otdelki-doma-8TyLIA.xlsx,Опросы/anketolog-report-2115153-survey-1027170-opros-o-ryinke-materialov-dlya-naruzhnoy-otdelki-doma-8TyLIA.xlsx,143669,XLSX,2026-06-04T02:24:20
raw_0051,survey_43ea0df69e2b,/var/folders/y7/z20t7xkd2w7_cy1_ksrzxwxh0000gn/T/Опросы.zip,Опросы/anketolog-report-2082093-survey-998603-santerra-anketa-dlya-neklientov-detskoe-napravlenie-HPaDeR.xlsx,Опросы/anketolog-report-2082093-survey-998603-santerra-anketa-dlya-neklientov-detskoe-napravlenie-HPaDeR.xlsx,22261,XLSX,2026-06-04T02:24:20
raw_0052,survey_bc0520ed7d73,/var/folders/y7/z20t7xkd2w7_cy1_ksrzxwxh0000gn/T/Опросы.zip,Опросы/anketolog-report-2112290-survey-1024509-opros-o-sportivnoy-odezhde-iGDRe8.xlsx,Опросы/anketolog-report-2112290-survey-1024509-opros-o-sportivnoy-odezhde-iGDRe8.xlsx,161835,XLSX,2026-06-04T02:24:20
raw_0053,survey_fd764cf4ae87,/var/folders/y7/z20t7xkd2w7_cy1_ksrzxwxh0000gn/T/Опросы.zip,Опросы/anketolog-report-2114014-survey-1024967-mrtts-anketa-po-neklientam-Byz45j.xlsx,Опросы/anketolog-report-2114014-survey-1024967-mrtts-anketa-po-neklientam-Byz45j.xlsx,88310,XLSX,2026-06-04T02:24:20
raw_0054,survey_697c1c20d0e2,/var/folders/y7/z20t7xkd2w7_cy1_ksrzxwxh0000gn/T/Опросы.zip,Опросы/anketolog-report-2127383-survey-1034677-myasnoy-gurman-klientyi-fDTudo.xlsx,Опросы/anketolog-report-2127383-survey-1034677-myasnoy-gurman-klientyi-fDTudo.xlsx,10693,XLSX,2026-06-04T02:24:20
raw_0055,survey_ba7340497413,/var/folders/y7/z20t7xkd2w7_cy1_ksrzxwxh0000gn/T/Опросы.zip,Опросы/anketolog-report-2129034-survey-1030508-myasnoy-gurman-neklientyi-85oN66.xlsx,Опросы/anketolog-report-2129034-survey-1030508-myasnoy-gurman-neklientyi-85oN66.xlsx,187779,XLSX,2026-06-04T02:24:20
raw_0056,survey_365d8aa88808,/var/folders/y7/z20t7xkd2w7_cy1_ksrzxwxh0000gn/T/Опросы.zip,Опросы/anketolog-report-2089110-survey-1007883-biotehnologicheskie-produktyi-pitaniya-jclaRC.xlsx,Опросы/anketolog-report-2089110-survey-1007883-biotehnologicheskie-produktyi-pitaniya-jclaRC.xlsx,176192,XLSX,2026-06-04T02:24:21
raw_0057,survey_b88258a199df,/var/folders/y7/z20t7xkd2w7_cy1_ksrzxwxh0000gn/T/Archive 2.zip,Опрос_по_М_L7AgzR4d7KSePzw6S37yxQ_2026-6-4.xlsx,Опрос_по_М_L7AgzR4d7KSePzw6S37yxQ_2026-6-4.xlsx,157377,XLSX,2026-06-04T02:24:21
raw_0058,survey_ab48417e3e8f,/var/folders/y7/z20t7xkd2w7_cy1_ksrzxwxh0000gn/T/Archive 2.zip,Анкета_для_49hTEA8ECzCcDTM8rFDQz8_2026-6-4.xlsx,Анкета_для_49hTEA8ECzCcDTM8rFDQz8_2026-6-4.xlsx,213305,XLSX,2026-06-04T02:24:21
raw_0059,survey_b8c0f3bb60f5,/var/folders/y7/z20t7xkd2w7_cy1_ksrzxwxh0000gn/T/Archive 2.zip,Копия_Опро_PPCNUFC99GtazhfrXBAMAq_2026-6-4.xlsx,Копия_Опро_PPCNUFC99GtazhfrXBAMAq_2026-6-4.xlsx,239527,XLSX,2026-06-04T02:24:21
raw_0060,survey_b20b16ad58c4,/var/folders/y7/z20t7xkd2w7_cy1_ksrzxwxh0000gn/T/Archive 2.zip,Азбука_вку_LtcrBwtUAmW8DSiiyWckut_2026-6-4.xlsx,Азбука_вку_LtcrBwtUAmW8DSiiyWckut_2026-6-4.xlsx,554726,XLSX,2026-06-04T02:24:21
raw_0061,survey_25d7c035b36b,/var/folders/y7/z20t7xkd2w7_cy1_ksrzxwxh0000gn/T/Archive 2.zip,EN_от_28.0_4YQbF9gQQCyBbcVhcnFn3Z_2026-6-4.xlsx,EN_от_28.0_4YQbF9gQQCyBbcVhcnFn3Z_2026-6-4.xlsx,201261,XLSX,2026-06-04T02:24:21
raw_0062,survey_d560fdc6f952,/var/folders/y7/z20t7xkd2w7_cy1_ksrzxwxh0000gn/T/Archive 2.zip,Продвинуты_C5nXHBCxWNrKk1MRaPZRyG_2026-6-4.xlsx,Продвинуты_C5nXHBCxWNrKk1MRaPZRyG_2026-6-4.xlsx,159650,XLSX,2026-06-04T02:24:21
raw_0063,survey_d539d407c329,/var/folders/y7/z20t7xkd2w7_cy1_ksrzxwxh0000gn/T/Archive 2.zip,Опрос_про__4jqZWZQJ5pskW2unUStzkF_2026-6-4.xlsx,Опрос_про__4jqZWZQJ5pskW2unUStzkF_2026-6-4.xlsx,126039,XLSX,2026-06-04T02:24:21
raw_0064,survey_0f42d1ee9d1e,/var/folders/y7/z20t7xkd2w7_cy1_ksrzxwxh0000gn/T/Archive 2.zip,Городской__7aDQjhG5R6vMEWk4xG9ooX_2026-6-4.xlsx,Городской__7aDQjhG5R6vMEWk4xG9ooX_2026-6-4.xlsx,70582,XLSX,2026-06-04T02:24:21
raw_0065,survey_6809899f2adc,/var/folders/y7/z20t7xkd2w7_cy1_ksrzxwxh0000gn/T/Archive 2.zip,Юнифарм_8QaYzvG5KVMaqPWmXtiSzq_2026-6-4.xlsx,Юнифарм_8QaYzvG5KVMaqPWmXtiSzq_2026-6-4.xlsx,361637,XLSX,2026-06-04T02:24:21
raw_0066,survey_1836c93a275c,/var/folders/y7/z20t7xkd2w7_cy1_ksrzxwxh0000gn/T/Archive 2.zip,ГВ_XLshbx88jBFVqyRev1tkAT_2026-6-4.xlsx,ГВ_XLshbx88jBFVqyRev1tkAT_2026-6-4.xlsx,144043,XLSX,2026-06-04T02:24:21
raw_0067,survey_51513f63bd0d,/var/folders/y7/z20t7xkd2w7_cy1_ksrzxwxh0000gn/T/Archive 2.zip,Опрос_про__AQf3X1AvA3u9nm9n9Jk5oS_2026-6-4.xlsx,Опрос_про__AQf3X1AvA3u9nm9n9Jk5oS_2026-6-4.xlsx,451053,XLSX,2026-06-04T02:24:21
raw_0068,survey_601164609f05,/var/folders/y7/z20t7xkd2w7_cy1_ksrzxwxh0000gn/T/Archive 2.zip,Опрос_про__WcJKowZyTakRasE2FoY9m8_2026-6-4.xlsx,Опрос_про__WcJKowZyTakRasE2FoY9m8_2026-6-4.xlsx,288679,XLSX,2026-06-04T02:24:21
raw_0069,survey_5fb8b30e786e,/var/folders/y7/z20t7xkd2w7_cy1_ksrzxwxh0000gn/T/Archive 2.zip,Опрос_не_к_GhTMGvMb3z2XP7isUPbot2_2026-6-4.xlsx,Опрос_не_к_GhTMGvMb3z2XP7isUPbot2_2026-6-4.xlsx,146280,XLSX,2026-06-04T02:24:21
raw_0070,survey_307f49ac1f65,/var/folders/y7/z20t7xkd2w7_cy1_ksrzxwxh0000gn/T/Archive 2.zip,Продвинуты_DUAH8hoo936Fncy4XMs7mk_2026-6-4.xlsx,Продвинуты_DUAH8hoo936Fncy4XMs7mk_2026-6-4.xlsx,109293,XLSX,2026-06-04T02:24:21
raw_0071,survey_46fa5143e469,/var/folders/y7/z20t7xkd2w7_cy1_ksrzxwxh0000gn/T/Archive 2.zip,Охана_НКЛ_D3cRDN3HwAHx8Gv2HvhVJS_2026-6-4.xlsx,Охана_НКЛ_D3cRDN3HwAHx8Gv2HvhVJS_2026-6-4.xlsx,219919,XLSX,2026-06-04T02:24:21
raw_0072,survey_4f9ab6dc0b1a,/var/folders/y7/z20t7xkd2w7_cy1_ksrzxwxh0000gn/T/Archive 2.zip,Опрос_клие_9rjuLbRvMeKod2GTCN4mQp_2026-6-4.xlsx,Опрос_клие_9rjuLbRvMeKod2GTCN4mQp_2026-6-4.xlsx,90967,XLSX,2026-06-04T02:24:21
raw_0073,survey_4e66d996c59d,/var/folders/y7/z20t7xkd2w7_cy1_ksrzxwxh0000gn/T/Archive 2.zip,Опрос_Лайф_D5qHjrMkppg4TUUBpJ4E8t_2026-6-4.xlsx,Опрос_Лайф_D5qHjrMkppg4TUUBpJ4E8t_2026-6-4.xlsx,154497,XLSX,2026-06-04T02:24:21
raw_0074,survey_521753d868fd,/var/folders/y7/z20t7xkd2w7_cy1_ksrzxwxh0000gn/T/Archive 2.zip,ДЗОРТ_WEeKu5t9mFqEk8Vpq5vbRz_2026-6-4.xlsx,ДЗОРТ_WEeKu5t9mFqEk8Vpq5vbRz_2026-6-4.xlsx,48127,XLSX,2026-06-04T02:24:21
raw_0075,survey_7e010903b205,/var/folders/y7/z20t7xkd2w7_cy1_ksrzxwxh0000gn/T/Archive 2.zip,Восточка.__DTfKvM8GXSCPdf3xhMhqis_2026-6-4.xlsx,Восточка.__DTfKvM8GXSCPdf3xhMhqis_2026-6-4.xlsx,127783,XLSX,2026-06-04T02:24:21
raw_0076,survey_68840b6668bb,/var/folders/y7/z20t7xkd2w7_cy1_ksrzxwxh0000gn/T/Archive 2.zip,БК._Анкета_4WbEKH65Qzgwtu151AGFEr_2026-6-4.xlsx,БК._Анкета_4WbEKH65Qzgwtu151AGFEr_2026-6-4.xlsx,61762,XLSX,2026-06-04T02:24:21
raw_0077,survey_906c5f52b6c1,/var/folders/y7/z20t7xkd2w7_cy1_ksrzxwxh0000gn/T/Archive 2.zip,БК._Анкета_9qvwnKohnc7AMD59uSSzdD_2026-6-4.xlsx,БК._Анкета_9qvwnKohnc7AMD59uSSzdD_2026-6-4.xlsx,69872,XLSX,2026-06-04T02:24:21
raw_0078,survey_a3276b5db7f7,/var/folders/y7/z20t7xkd2w7_cy1_ksrzxwxh0000gn/T/Archive 2.zip,МРТЦ._Анке_EBnohQhjxKNiEmM8aoSUv2_2026-6-4.xlsx,МРТЦ._Анке_EBnohQhjxKNiEmM8aoSUv2_2026-6-4.xlsx,210628,XLSX,2026-06-04T02:24:21
raw_0079,survey_e5dd2ce96ea5,/Users/iliabalahnin/Downloads/Опросы.zip,Опросы/anketolog-report-2132990-survey-1035748-dinastiya-s-neklientyi-L60lTZ.xlsx,Опросы/anketolog-report-2132990-survey-1035748-dinastiya-s-neklientyi-L60lTZ.xlsx,119403,XLSX,2026-06-04T02:24:22
raw_0080,survey_674b0a7f7320,/Users/iliabalahnin/Downloads/Опросы.zip,Опросы/anketolog-report-2082085-survey-998428-santerra-anketa-dlya-neklientov-xpDLQd.xlsx,Опросы/anketolog-report-2082085-survey-998428-santerra-anketa-dlya-neklientov-xpDLQd.xlsx,40173,XLSX,2026-06-04T02:24:22
raw_0081,survey_29b4c05c8650,/Users/iliabalahnin/Downloads/Опросы.zip,Опросы/anketolog-report-2116057-survey-1020398-mts21-oprosyi-neklientov-5SVfOs.xlsx,Опросы/anketolog-report-2116057-survey-1020398-mts21-oprosyi-neklientov-5SVfOs.xlsx,31026,XLSX,2026-06-04T02:24:22
raw_0082,survey_ad67d09c1eb7,/Users/iliabalahnin/Downloads/Опросы.zip,Опросы/anketolog-report-2120048-survey-1029416-abrau-resvera-H1kZUY.xlsx,Опросы/anketolog-report-2120048-survey-1029416-abrau-resvera-H1kZUY.xlsx,389258,XLSX,2026-06-04T02:24:22
raw_0083,survey_ad2f73b59804,/Users/iliabalahnin/Downloads/Опросы.zip,Опросы/anketolog-report-2115153-survey-1027170-opros-o-ryinke-materialov-dlya-naruzhnoy-otdelki-doma-8TyLIA.xlsx,Опросы/anketolog-report-2115153-survey-1027170-opros-o-ryinke-materialov-dlya-naruzhnoy-otdelki-doma-8TyLIA.xlsx,143669,XLSX,2026-06-04T02:24:22
raw_0084,survey_43ea0df69e2b,/Users/iliabalahnin/Downloads/Опросы.zip,Опросы/anketolog-report-2082093-survey-998603-santerra-anketa-dlya-neklientov-detskoe-napravlenie-HPaDeR.xlsx,Опросы/anketolog-report-2082093-survey-998603-santerra-anketa-dlya-neklientov-detskoe-napravlenie-HPaDeR.xlsx,22261,XLSX,2026-06-04T02:24:22
raw_0085,survey_bc0520ed7d73,/Users/iliabalahnin/Downloads/Опросы.zip,Опросы/anketolog-report-2112290-survey-1024509-opros-o-sportivnoy-odezhde-iGDRe8.xlsx,Опросы/anketolog-report-2112290-survey-1024509-opros-o-sportivnoy-odezhde-iGDRe8.xlsx,161835,XLSX,2026-06-04T02:24:23
raw_0086,survey_fd764cf4ae87,/Users/iliabalahnin/Downloads/Опросы.zip,Опросы/anketolog-report-2114014-survey-1024967-mrtts-anketa-po-neklientam-Byz45j.xlsx,Опросы/anketolog-report-2114014-survey-1024967-mrtts-anketa-po-neklientam-Byz45j.xlsx,88310,XLSX,2026-06-04T02:24:23
raw_0087,survey_697c1c20d0e2,/Users/iliabalahnin/Downloads/Опросы.zip,Опросы/anketolog-report-2127383-survey-1034677-myasnoy-gurman-klientyi-fDTudo.xlsx,Опросы/anketolog-report-2127383-survey-1034677-myasnoy-gurman-klientyi-fDTudo.xlsx,10693,XLSX,2026-06-04T02:24:23
raw_0088,survey_ba7340497413,/Users/iliabalahnin/Downloads/Опросы.zip,Опросы/anketolog-report-2129034-survey-1030508-myasnoy-gurman-neklientyi-85oN66.xlsx,Опросы/anketolog-report-2129034-survey-1030508-myasnoy-gurman-neklientyi-85oN66.xlsx,187779,XLSX,2026-06-04T02:24:23
raw_0089,survey_365d8aa88808,/Users/iliabalahnin/Downloads/Опросы.zip,Опросы/anketolog-report-2089110-survey-1007883-biotehnologicheskie-produktyi-pitaniya-jclaRC.xlsx,Опросы/anketolog-report-2089110-survey-1007883-biotehnologicheskie-produktyi-pitaniya-jclaRC.xlsx,176192,XLSX,2026-06-04T02:24:23
raw_0090,tally_3yy174,/Users/iliabalahnin/Downloads/Сибагро. Опрос внутренний [3yy174].csv,,Сибагро. Опрос внутренний [3yy174].csv,3034009,Tally,2026-06-04T02:24:23
raw_0091,tally_wADybN,/Users/iliabalahnin/Downloads/Анкетирование_сотрудников_БФТ_wADybN.csv,,Анкетирование_сотрудников_БФТ_wADybN.csv,1156089,Tally,2026-06-04T02:24:23
raw_0092,tally_mZ6Rp0,/Users/iliabalahnin/Downloads/Внешняя_анкета_факторы_выбора_работодателя_mZ6Rp0.csv,,Внешняя_анкета_факторы_выбора_работодателя_mZ6Rp0.csv,1213931,Tally,2026-06-04T02:24:23
raw_0093,tally_wg9kZl,/Users/iliabalahnin/Downloads/Анкета_для_количественного_исследования_РусАгроПром_wg9kZl.csv,,Анкета_для_количественного_исследования_РусАгроПром_wg9kZl.csv,1937702,Tally,2026-06-04T02:24:23
raw_0094,tally_woXJlV,/Users/iliabalahnin/Downloads/Ringo_Հարցաթերթիկ_հաճախորդների_համար﻿_woXJlV.csv,,Ringo_Հարցաթերթիկ_հաճախորդների_համար_woXJlV.csv,9066692,Tally,2026-06-04T02:24:23
raw_0095,tally_meaMNl,/Users/iliabalahnin/Downloads/ДЖУГ_неклиенты_Исследование_опыта_участников_IT_конференций_meaMNl.csv,,ДЖУГ_неклиенты_Исследование_опыта_участников_IT_конференций_meaMNl.csv,1425653,Tally,2026-06-04T02:24:23
raw_0096,tally_meYdEl,/var/folders/y7/z20t7xkd2w7_cy1_ksrzxwxh0000gn/T/New Folder With Items.zip,New Folder With Items/Исследование рынка лакокрасочных материалов в Таджикистане [meYdEl].csv,New Folder With Items/Исследование рынка лакокрасочных материалов в Таджикистане [meYdEl].csv,539528,Tally,2026-06-04T02:28:43
raw_0097,tally_mY0xx0,/var/folders/y7/z20t7xkd2w7_cy1_ksrzxwxh0000gn/T/New Folder With Items.zip,New Folder With Items/Опрос сотрудников Банка Хлынов [mY0xx0].csv,New Folder With Items/Опрос сотрудников Банка Хлынов [mY0xx0].csv,924700,Tally,2026-06-04T02:28:43
raw_0098,tally_3j7rV9,/var/folders/y7/z20t7xkd2w7_cy1_ksrzxwxh0000gn/T/New Folder With Items.zip,New Folder With Items/Анкетирование сотрудников _АКМЭ_ Внешняя анкета по опросу [3j7rV9].csv,New Folder With Items/Анкетирование сотрудников _АКМЭ_ Внешняя анкета по опросу [3j7rV9].csv,345191,Tally,2026-06-04T02:28:43
raw_0099,tally_n9o2V4,/var/folders/y7/z20t7xkd2w7_cy1_ksrzxwxh0000gn/T/New Folder With Items.zip,New Folder With Items/Анкета для количественного исследования предпочтений в выборе косметологического [n9o2V4].csv,New Folder With Items/Анкета для количественного исследования предпочтений в выборе косметологического [n9o2V4].csv,226950,Tally,2026-06-04T02:28:43
raw_0100,tally_mOP1vk,/var/folders/y7/z20t7xkd2w7_cy1_ksrzxwxh0000gn/T/New Folder With Items.zip,New Folder With Items/ИЗТТ. Внутренний опрос. [mOP1vk].csv,New Folder With Items/ИЗТТ. Внутренний опрос. [mOP1vk].csv,1693403,Tally,2026-06-04T02:28:43
raw_0101,tally_3jkA86,/var/folders/y7/z20t7xkd2w7_cy1_ksrzxwxh0000gn/T/New Folder With Items.zip,New Folder With Items/Анкета для количественного исследования предпочтений в выборе косметологического [3jkA86].csv,New Folder With Items/Анкета для количественного исследования предпочтений в выборе косметологического [3jkA86].csv,225305,Tally,2026-06-04T02:28:43
raw_0102,tally_wok6Nb,/var/folders/y7/z20t7xkd2w7_cy1_ksrzxwxh0000gn/T/New Folder With Items.zip,New Folder With Items/Анкета о предпочтениях в выборе SPA комплекса в ОАЭ (Англ) [wok6Nb].csv,New Folder With Items/Анкета о предпочтениях в выборе SPA комплекса в ОАЭ (Англ) [wok6Nb].csv,320870,Tally,2026-06-04T02:28:43
raw_0103,tally_xXdNZJ,/var/folders/y7/z20t7xkd2w7_cy1_ksrzxwxh0000gn/T/New Folder With Items.zip,New Folder With Items/Анкета для опроса текущих и потенциальных клиентов «Второй» [xXdNZJ].csv,New Folder With Items/Анкета для опроса текущих и потенциальных клиентов «Второй» [xXdNZJ].csv,235010,Tally,2026-06-04T02:28:43
raw_0104,tally_w7KMxA,/var/folders/y7/z20t7xkd2w7_cy1_ksrzxwxh0000gn/T/New Folder With Items.zip,New Folder With Items/Опрос_ бренд работодателя [w7KMxA].csv,New Folder With Items/Опрос_ бренд работодателя [w7KMxA].csv,218982,Tally,2026-06-04T02:28:43
raw_0105,tally_mV81Wj,/var/folders/y7/z20t7xkd2w7_cy1_ksrzxwxh0000gn/T/New Folder With Items.zip,New Folder With Items/Анкета количественного исследования для ГРФ (клиенты) [mV81Wj].csv,New Folder With Items/Анкета количественного исследования для ГРФ (клиенты) [mV81Wj].csv,513655,Tally,2026-06-04T02:28:43
raw_0106,tally_wQYN7k,/var/folders/y7/z20t7xkd2w7_cy1_ksrzxwxh0000gn/T/New Folder With Items.zip,New Folder With Items/Анкетирование сотрудников _АКМЭ_ [wQYN7k].csv,New Folder With Items/Анкетирование сотрудников _АКМЭ_ [wQYN7k].csv,636737,Tally,2026-06-04T02:28:43
raw_0107,tally_w72OQ0,/var/folders/y7/z20t7xkd2w7_cy1_ksrzxwxh0000gn/T/New Folder With Items.zip,New Folder With Items/Анкета Бани ОАЭ (на РУС) [w72OQ0].csv,New Folder With Items/Анкета Бани ОАЭ (на РУС) [w72OQ0].csv,984311,Tally,2026-06-04T02:28:43
raw_0108,tally_nrVLRL,/var/folders/y7/z20t7xkd2w7_cy1_ksrzxwxh0000gn/T/New Folder With Items.zip,New Folder With Items/Анкета для опроса _Альтмед+_ анкета клиентов [nrVLRL].csv,New Folder With Items/Анкета для опроса _Альтмед+_ анкета клиентов [nrVLRL].csv,567632,Tally,2026-06-04T02:28:43
raw_0109,tally_wgkbBK,/var/folders/y7/z20t7xkd2w7_cy1_ksrzxwxh0000gn/T/New Folder With Items.zip,New Folder With Items/Анкета о предпочтениях в выборе SPA комплекса в ОАЭ (Арабский) [wgkbBK].csv,New Folder With Items/Анкета о предпочтениях в выборе SPA комплекса в ОАЭ (Арабский) [wgkbBK].csv,451164,Tally,2026-06-04T02:28:43
raw_0110,tally_w2xJ1V,/var/folders/y7/z20t7xkd2w7_cy1_ksrzxwxh0000gn/T/New Folder With Items.zip,New Folder With Items/Анкета для количественного исследования Свобода движения [w2xJ1V].csv,New Folder With Items/Анкета для количественного исследования Свобода движения [w2xJ1V].csv,524287,Tally,2026-06-04T02:28:43
raw_0111,tally_nrorkp,/var/folders/y7/z20t7xkd2w7_cy1_ksrzxwxh0000gn/T/New Folder With Items.zip,New Folder With Items/(ДЖУГ клиенты) Исследование опыта участников IT-конференций [nrorkp].csv,New Folder With Items/(ДЖУГ клиенты) Исследование опыта участников IT-конференций [nrorkp].csv,628520,Tally,2026-06-04T02:28:43
raw_0112,tally_wd7Ojy,/var/folders/y7/z20t7xkd2w7_cy1_ksrzxwxh0000gn/T/New Folder With Items.zip,New Folder With Items/Анкета онлайн опроса для клиентов Восточки по доставке [wd7Ojy].csv,New Folder With Items/Анкета онлайн опроса для клиентов Восточки по доставке [wd7Ojy].csv,345829,Tally,2026-06-04T02:28:43
raw_0113,tally_311M4Q,/var/folders/y7/z20t7xkd2w7_cy1_ksrzxwxh0000gn/T/New Folder With Items.zip,New Folder With Items/ПВ. Исследование потребностей мастеров [311M4Q].csv,New Folder With Items/ПВ. Исследование потребностей мастеров [311M4Q].csv,694875,Tally,2026-06-04T02:28:43
raw_0114,tally_EkPbkr,/var/folders/y7/z20t7xkd2w7_cy1_ksrzxwxh0000gn/T/New Folder With Items.zip,New Folder With Items/Уйде. Анкета 2026 [EkPbkr].csv,New Folder With Items/Уйде. Анкета 2026 [EkPbkr].csv,215656,Tally,2026-06-04T02:28:43
raw_0115,tally_wQg7B1,/var/folders/y7/z20t7xkd2w7_cy1_ksrzxwxh0000gn/T/New Folder With Items.zip,New Folder With Items/Опрос _Фитнесс формула — напитки с полезными добавками и кофе_ [wQg7B1].csv,New Folder With Items/Опрос _Фитнесс формула — напитки с полезными добавками и кофе_ [wQg7B1].csv,800302,Tally,2026-06-04T02:28:43
raw_0116,tally_3Xq28g,/var/folders/y7/z20t7xkd2w7_cy1_ksrzxwxh0000gn/T/New Folder With Items.zip,New Folder With Items/Сибагро. Опрос внешний (Кемерово) [3Xq28g].csv,New Folder With Items/Сибагро. Опрос внешний (Кемерово) [3Xq28g].csv,179196,Tally,2026-06-04T02:28:43
raw_0117,tally_wAjG2l,/var/folders/y7/z20t7xkd2w7_cy1_ksrzxwxh0000gn/T/New Folder With Items.zip,New Folder With Items/Анкета для количественного исследования предпочтений в выборе косметологического [wAjG2l].csv,New Folder With Items/Анкета для количественного исследования предпочтений в выборе косметологического [wAjG2l].csv,206184,Tally,2026-06-04T02:28:43
raw_0118,tally_wMajBk,/var/folders/y7/z20t7xkd2w7_cy1_ksrzxwxh0000gn/T/New Folder With Items.zip,New Folder With Items/Опрос для клиентов “Доктор Борменталь” [wMajBk].csv,New Folder With Items/Опрос для клиентов “Доктор Борменталь” [wMajBk].csv,446745,Tally,2026-06-04T02:28:43
raw_0119,tally_wQ0kPl,/var/folders/y7/z20t7xkd2w7_cy1_ksrzxwxh0000gn/T/New Folder With Items.zip,New Folder With Items/Анкета о предпочтениях в выборе мучных изделий [wQ0kPl].csv,New Folder With Items/Анкета о предпочтениях в выборе мучных изделий [wQ0kPl].csv,546913,Tally,2026-06-04T02:28:43
raw_0120,tally_mBdjeR,/var/folders/y7/z20t7xkd2w7_cy1_ksrzxwxh0000gn/T/New Folder With Items.zip,New Folder With Items/Анкета для жителей города [mBdjeR].csv,New Folder With Items/Анкета для жителей города [mBdjeR].csv,307165,Tally,2026-06-04T02:28:43
raw_0121,tally_mO0Gxg,/var/folders/y7/z20t7xkd2w7_cy1_ksrzxwxh0000gn/T/New Folder With Items.zip,New Folder With Items/Опрос про автомобили (Воронеж) [mO0Gxg].csv,New Folder With Items/Опрос про автомобили (Воронеж) [mO0Gxg].csv,1102247,Tally,2026-06-04T02:28:43
raw_0122,tally_mVbAdJ,/var/folders/y7/z20t7xkd2w7_cy1_ksrzxwxh0000gn/T/New Folder With Items.zip,New Folder With Items/Анкета о предпочтениях в выборе SPA комплекса в ОАЭ [mVbAdJ].csv,New Folder With Items/Анкета о предпочтениях в выборе SPA комплекса в ОАЭ [mVbAdJ].csv,481517,Tally,2026-06-04T02:28:43
raw_0123,tally_mR5L8p,/var/folders/y7/z20t7xkd2w7_cy1_ksrzxwxh0000gn/T/New Folder With Items 2.zip,New Folder With Items 2/Главстрой Санкт-Петербург. Внутренний опрос. (Юнтово) [mR5L8p].csv,New Folder With Items 2/Главстрой Санкт-Петербург. Внутренний опрос. (Юнтово) [mR5L8p].csv,180737,Tally,2026-06-04T02:47:48
raw_0124,tally_GxKD0e,/var/folders/y7/z20t7xkd2w7_cy1_ksrzxwxh0000gn/T/New Folder With Items 2.zip,New Folder With Items 2/Анкета для оценки качества стоматологических услуг клиники _Доктор Гудман_ [GxKD0e].csv,New Folder With Items 2/Анкета для оценки качества стоматологических услуг клиники _Доктор Гудман_ [GxKD0e].csv,57536,Tally,2026-06-04T02:47:48
raw_0125,tally_Zj8dZ5,/var/folders/y7/z20t7xkd2w7_cy1_ksrzxwxh0000gn/T/New Folder With Items 2.zip,New Folder With Items 2/Опрос о выборе и эксплуатации дымоходов [Zj8dZ5].csv,New Folder With Items 2/Опрос о выборе и эксплуатации дымоходов [Zj8dZ5].csv,6965,Tally,2026-06-04T02:47:48
raw_0126,tally_m6jGbB,/var/folders/y7/z20t7xkd2w7_cy1_ksrzxwxh0000gn/T/New Folder With Items 2.zip,New Folder With Items 2/Исследование рынка строительных материалов [m6jGbB].csv,New Folder With Items 2/Исследование рынка строительных материалов [m6jGbB].csv,1954,Tally,2026-06-04T02:47:48
raw_0127,tally_w2k0VA,/var/folders/y7/z20t7xkd2w7_cy1_ksrzxwxh0000gn/T/New Folder With Items 2.zip,New Folder With Items 2/Исследование факторов выбора частного детского сада [w2k0VA].csv,New Folder With Items 2/Исследование факторов выбора частного детского сада [w2k0VA].csv,180198,Tally,2026-06-04T02:47:48
raw_0128,tally_mYdZAd,/var/folders/y7/z20t7xkd2w7_cy1_ksrzxwxh0000gn/T/New Folder With Items 2.zip,New Folder With Items 2/[ENG] Anonymous research on factors influencing the choice of private kindergart [mYdZAd].csv,New Folder With Items 2/[ENG] Anonymous research on factors influencing the choice of private kindergart [mYdZAd].csv,6466,Tally,2026-06-04T02:47:48
raw_0129,tally_n9o71Y,/var/folders/y7/z20t7xkd2w7_cy1_ksrzxwxh0000gn/T/New Folder With Items 2.zip,New Folder With Items 2/Опрос клиентов_ Количественное исследование предпочтений и факторов выбора при о [n9o71Y].csv,New Folder With Items 2/Опрос клиентов_ Количественное исследование предпочтений и факторов выбора при о [n9o71Y].csv,33301,Tally,2026-06-04T02:47:48
raw_0130,tally_3XKa5d,/var/folders/y7/z20t7xkd2w7_cy1_ksrzxwxh0000gn/T/New Folder With Items 2.zip,New Folder With Items 2/ПВ. Интервью ОЕМ [3XKa5d].csv,New Folder With Items 2/ПВ. Интервью ОЕМ [3XKa5d].csv,10146,Tally,2026-06-04T02:47:48
raw_0131,tally_mV8ZEj,/var/folders/y7/z20t7xkd2w7_cy1_ksrzxwxh0000gn/T/New Folder With Items 2.zip,New Folder With Items 2/Xususiy maktab tanlash omillarini o'rganish (UZB) [mV8ZEj].csv,New Folder With Items 2/Xususiy maktab tanlash omillarini o'rganish (UZB) [mV8ZEj].csv,26811,Tally,2026-06-04T02:47:48
raw_0132,tally_wvP1zl,/var/folders/y7/z20t7xkd2w7_cy1_ksrzxwxh0000gn/T/New Folder With Items 2.zip,New Folder With Items 2/Опрос-исследование о предпочтениях в выборе хоккейных клюшек [wvP1zl].csv,New Folder With Items 2/Опрос-исследование о предпочтениях в выборе хоккейных клюшек [wvP1zl].csv,309614,Tally,2026-06-04T02:47:48
raw_0133,tally_w4rkpO,/var/folders/y7/z20t7xkd2w7_cy1_ksrzxwxh0000gn/T/New Folder With Items 2.zip,New Folder With Items 2/Главстрой Санкт-Петербург. Внутренний опрос. (плохой вариант) [w4rkpO].csv,New Folder With Items 2/Главстрой Санкт-Петербург. Внутренний опрос. (плохой вариант) [w4rkpO].csv,17864,Tally,2026-06-04T02:47:48
raw_0134,tally_w4PRBA,/var/folders/y7/z20t7xkd2w7_cy1_ksrzxwxh0000gn/T/New Folder With Items 2.zip,New Folder With Items 2/Исследование потребностей водителей [w4PRBA].csv,New Folder With Items 2/Исследование потребностей водителей [w4PRBA].csv,1018,Tally,2026-06-04T02:47:48
raw_0135,tally_mV8NjM,/var/folders/y7/z20t7xkd2w7_cy1_ksrzxwxh0000gn/T/New Folder With Items 2.zip,New Folder With Items 2/Thermex. Sondaggio interno (Italia) [mV8NjM].csv,New Folder With Items 2/Thermex. Sondaggio interno (Italia) [mV8NjM].csv,40419,Tally,2026-06-04T02:47:48
raw_0136,tally_wA8jKB,/var/folders/y7/z20t7xkd2w7_cy1_ksrzxwxh0000gn/T/New Folder With Items 2.zip,New Folder With Items 2/Thermex. 内部调查问卷。 [wA8jKB].csv,New Folder With Items 2/Thermex. 内部调查问卷。 [wA8jKB].csv,155389,Tally,2026-06-04T02:47:48
raw_0137,tally_w4p4er,/var/folders/y7/z20t7xkd2w7_cy1_ksrzxwxh0000gn/T/New Folder With Items 2.zip,New Folder With Items 2/Исследование потребительских предпочтений и факторов выбора при оформлении займо [w4p4er].csv,New Folder With Items 2/Исследование потребительских предпочтений и факторов выбора при оформлении займо [w4p4er].csv,11891,Tally,2026-06-04T02:47:48
raw_0138,tally_wLYGqJ,/var/folders/y7/z20t7xkd2w7_cy1_ksrzxwxh0000gn/T/New Folder With Items 2.zip,"New Folder With Items 2/Currency Exchange Survey, Türkiye [wLYGqJ].csv","New Folder With Items 2/Currency Exchange Survey, Türkiye [wLYGqJ].csv",78903,Tally,2026-06-04T02:47:48
raw_0139,tally_w2x8WM,/var/folders/y7/z20t7xkd2w7_cy1_ksrzxwxh0000gn/T/New Folder With Items 2.zip,New Folder With Items 2/Анкета текущих клиентов бара _Уйде_ в Астане [w2x8WM].csv,New Folder With Items 2/Анкета текущих клиентов бара _Уйде_ в Астане [w2x8WM].csv,408016,Tally,2026-06-04T02:47:48
raw_0140,tally_mJ0X24,/var/folders/y7/z20t7xkd2w7_cy1_ksrzxwxh0000gn/T/New Folder With Items 2.zip,New Folder With Items 2/Анкета количественного исследования для ГРФ (неклиенты) [mJ0X24].csv,New Folder With Items 2/Анкета количественного исследования для ГРФ (неклиенты) [mJ0X24].csv,8377,Tally,2026-06-04T02:47:48
raw_0141,tally_w2MeOg,/var/folders/y7/z20t7xkd2w7_cy1_ksrzxwxh0000gn/T/New Folder With Items 2.zip,New Folder With Items 2/Исследование потребностей клиентов марафона [w2MeOg].csv,New Folder With Items 2/Исследование потребностей клиентов марафона [w2MeOg].csv,130825,Tally,2026-06-04T02:47:48
raw_0142,tally_wveKg8,/var/folders/y7/z20t7xkd2w7_cy1_ksrzxwxh0000gn/T/New Folder With Items 2.zip,New Folder With Items 2/Опрос-исследование опыта использования программ лояльности (копия) [wveKg8].csv,New Folder With Items 2/Опрос-исследование опыта использования программ лояльности (копия) [wveKg8].csv,6841,Tally,2026-06-04T02:47:48
raw_0143,tally_nPzgVe,/var/folders/y7/z20t7xkd2w7_cy1_ksrzxwxh0000gn/T/New Folder With Items 2.zip,New Folder With Items 2/Исследование опыта сотрудников _Вита_ [nPzgVe].csv,New Folder With Items 2/Исследование опыта сотрудников _Вита_ [nPzgVe].csv,666149,Tally,2026-06-04T02:47:48
raw_0144,tally_lbBK7W,/var/folders/y7/z20t7xkd2w7_cy1_ksrzxwxh0000gn/T/New Folder With Items 2.zip,New Folder With Items 2/ЛМ. Исследование 2 [lbBK7W].csv,New Folder With Items 2/ЛМ. Исследование 2 [lbBK7W].csv,135645,Tally,2026-06-04T02:47:48
raw_0145,tally_nG9bOz,/var/folders/y7/z20t7xkd2w7_cy1_ksrzxwxh0000gn/T/New Folder With Items 2.zip,New Folder With Items 2/Опрос-исследование опыта использования программ лояльности у партнеров [nG9bOz].csv,New Folder With Items 2/Опрос-исследование опыта использования программ лояльности у партнеров [nG9bOz].csv,58145,Tally,2026-06-04T02:47:48
raw_0146,tally_mO0odR,/var/folders/y7/z20t7xkd2w7_cy1_ksrzxwxh0000gn/T/New Folder With Items 2.zip,New Folder With Items 2/Сибагро. Опрос внешний (Бурятия) [mO0odR].csv,New Folder With Items 2/Сибагро. Опрос внешний (Бурятия) [mO0odR].csv,155480,Tally,2026-06-04T02:47:48
raw_0147,tally_mJzgbo,/var/folders/y7/z20t7xkd2w7_cy1_ksrzxwxh0000gn/T/New Folder With Items 2.zip,New Folder With Items 2/Опрос от компании СпортАвто [mJzgbo].csv,New Folder With Items 2/Опрос от компании СпортАвто [mJzgbo].csv,91802,Tally,2026-06-04T02:47:48
raw_0148,tally_3jxL0J,/var/folders/y7/z20t7xkd2w7_cy1_ksrzxwxh0000gn/T/New Folder With Items 2.zip,New Folder With Items 2/Термекс. Внутренний опрос. (Турецкий) [3jxL0J].csv,New Folder With Items 2/Термекс. Внутренний опрос. (Турецкий) [3jxL0J].csv,53562,Tally,2026-06-04T02:47:49
raw_0149,tally_mDkWEq,/var/folders/y7/z20t7xkd2w7_cy1_ksrzxwxh0000gn/T/New Folder With Items 2.zip,New Folder With Items 2/Исследование опыта соискателей [mDkWEq].csv,New Folder With Items 2/Исследование опыта соискателей [mDkWEq].csv,134904,Tally,2026-06-04T02:47:49
raw_0150,tally_wbrkbg,/var/folders/y7/z20t7xkd2w7_cy1_ksrzxwxh0000gn/T/New Folder With Items 2.zip,"New Folder With Items 2/Currency Exchange Survey, USA [wbrkbg].csv","New Folder With Items 2/Currency Exchange Survey, USA [wbrkbg].csv",61545,Tally,2026-06-04T02:47:49
raw_0151,tally_w7DzMR,/var/folders/y7/z20t7xkd2w7_cy1_ksrzxwxh0000gn/T/New Folder With Items 2.zip,New Folder With Items 2/Ника дент. Тестирование для сотрудников [w7DzMR].csv,New Folder With Items 2/Ника дент. Тестирование для сотрудников [w7DzMR].csv,339207,Tally,2026-06-04T02:47:49
raw_0152,tally_nG15KO,/var/folders/y7/z20t7xkd2w7_cy1_ksrzxwxh0000gn/T/New Folder With Items 2.zip,New Folder With Items 2/Survey about trading robots_AI assistants [nG15KO].csv,New Folder With Items 2/Survey about trading robots_AI assistants [nG15KO].csv,5338,Tally,2026-06-04T02:47:49
raw_0153,tally_waYJEE,/var/folders/y7/z20t7xkd2w7_cy1_ksrzxwxh0000gn/T/New Folder With Items 2.zip,New Folder With Items 2/Анкета Бани ОАЭ (на АРАБ) [waYJEE].csv,New Folder With Items 2/Анкета Бани ОАЭ (на АРАБ) [waYJEE].csv,403043,Tally,2026-06-04T02:47:49
raw_0154,tally_wQAZpG,/var/folders/y7/z20t7xkd2w7_cy1_ksrzxwxh0000gn/T/New Folder With Items 2.zip,New Folder With Items 2/Октобанк диджитал [wQAZpG].csv,New Folder With Items 2/Октобанк диджитал [wQAZpG].csv,68498,Tally,2026-06-04T02:47:49
raw_0155,tally_w4KYOk,/var/folders/y7/z20t7xkd2w7_cy1_ksrzxwxh0000gn/T/New Folder With Items 2.zip,New Folder With Items 2/Опрос-исследование опыта использования программ лояльности (short) [w4KYOk].csv,New Folder With Items 2/Опрос-исследование опыта использования программ лояльности (short) [w4KYOk].csv,52764,Tally,2026-06-04T02:47:49
raw_0156,tally_woREgN,/var/folders/y7/z20t7xkd2w7_cy1_ksrzxwxh0000gn/T/New Folder With Items 2.zip,New Folder With Items 2/Исследование опыта соискателей Ульяновск [woREgN].csv,New Folder With Items 2/Исследование опыта соискателей Ульяновск [woREgN].csv,131543,Tally,2026-06-04T02:47:49
raw_0157,tally_meaGo0,/var/folders/y7/z20t7xkd2w7_cy1_ksrzxwxh0000gn/T/New Folder With Items 2.zip,New Folder With Items 2/Опрос-исследование о предпочтениях в выборе хоккейных клюшек (Валерий) [meaGo0].csv,New Folder With Items 2/Опрос-исследование о предпочтениях в выборе хоккейных клюшек (Валерий) [meaGo0].csv,155554,Tally,2026-06-04T02:47:49
raw_0158,tally_w2a66e,/var/folders/y7/z20t7xkd2w7_cy1_ksrzxwxh0000gn/T/New Folder With Items 2.zip,New Folder With Items 2/Исследование опыта соискателей Йошкар Ола [w2a66e].csv,New Folder With Items 2/Исследование опыта соискателей Йошкар Ола [w2a66e].csv,101388,Tally,2026-06-04T02:47:49
raw_0159,tally_wkExVM,/var/folders/y7/z20t7xkd2w7_cy1_ksrzxwxh0000gn/T/New Folder With Items 2.zip,New Folder With Items 2/Опрос-исследование употребления водки [wkExVM].csv,New Folder With Items 2/Опрос-исследование употребления водки [wkExVM].csv,14999,Tally,2026-06-04T02:47:49
raw_0160,tally_3NlZZ0,/var/folders/y7/z20t7xkd2w7_cy1_ksrzxwxh0000gn/T/New Folder With Items 2.zip,New Folder With Items 2/Исследование опыта соискателей Чебоксары [3NlZZ0].csv,New Folder With Items 2/Исследование опыта соискателей Чебоксары [3NlZZ0].csv,91723,Tally,2026-06-04T02:47:49
raw_0161,tally_wQeQQY,/var/folders/y7/z20t7xkd2w7_cy1_ksrzxwxh0000gn/T/New Folder With Items 2.zip,New Folder With Items 2/Исследование опыта соискателей Ижевск [wQeQQY].csv,New Folder With Items 2/Исследование опыта соискателей Ижевск [wQeQQY].csv,126439,Tally,2026-06-04T02:47:49
raw_0162,tally_mK19eM,/var/folders/y7/z20t7xkd2w7_cy1_ksrzxwxh0000gn/T/New Folder With Items 2.zip,New Folder With Items 2/Опрос-исследование опыта посещения ресторанов [mK19eM].csv,New Folder With Items 2/Опрос-исследование опыта посещения ресторанов [mK19eM].csv,233507,Tally,2026-06-04T02:47:49
raw_0163,tally_31dDqg,/var/folders/y7/z20t7xkd2w7_cy1_ksrzxwxh0000gn/T/New Folder With Items 2.zip,New Folder With Items 2/DMC анкета опросов (3) [31dDqg].csv,New Folder With Items 2/DMC анкета опросов (3) [31dDqg].csv,7801,Tally,2026-06-04T02:47:49
raw_0164,tally_nWvWrQ,/var/folders/y7/z20t7xkd2w7_cy1_ksrzxwxh0000gn/T/New Folder With Items 2.zip,New Folder With Items 2/ПВ. Интервью обычные [nWvWrQ].csv,New Folder With Items 2/ПВ. Интервью обычные [nWvWrQ].csv,95233,Tally,2026-06-04T02:47:49
raw_0165,tally_m6d4Qk,/var/folders/y7/z20t7xkd2w7_cy1_ksrzxwxh0000gn/T/New Folder With Items 2.zip,New Folder With Items 2/Опрос неклиентов BOS [m6d4Qk].csv,New Folder With Items 2/Опрос неклиентов BOS [m6d4Qk].csv,1082,Tally,2026-06-04T02:47:49
raw_0166,tally_mRRAdj,/var/folders/y7/z20t7xkd2w7_cy1_ksrzxwxh0000gn/T/New Folder With Items 2.zip,New Folder With Items 2/Функции сервисов для молодежи. [mRRAdj].csv,New Folder With Items 2/Функции сервисов для молодежи. [mRRAdj].csv,267608,Tally,2026-06-04T02:47:49
raw_0167,tally_wbxXa1,/var/folders/y7/z20t7xkd2w7_cy1_ksrzxwxh0000gn/T/New Folder With Items 2.zip,New Folder With Items 2/Анкета Бани ОАЭ (на АНГЛ) [wbxXa1].csv,New Folder With Items 2/Анкета Бани ОАЭ (на АНГЛ) [wbxXa1].csv,375144,Tally,2026-06-04T02:47:49
raw_0168,tally_mJOVB7,/var/folders/y7/z20t7xkd2w7_cy1_ksrzxwxh0000gn/T/New Folder With Items 2.zip,New Folder With Items 2/Количественное исследование DFC Kids [mJOVB7].csv,New Folder With Items 2/Количественное исследование DFC Kids [mJOVB7].csv,8574,Tally,2026-06-04T02:47:49
raw_0169,tally_nGNppz,/var/folders/y7/z20t7xkd2w7_cy1_ksrzxwxh0000gn/T/New Folder With Items 2.zip,New Folder With Items 2/ИнгАвто. Анкета по клиентам [nGNppz].csv,New Folder With Items 2/ИнгАвто. Анкета по клиентам [nGNppz].csv,272369,Tally,2026-06-04T02:47:49
raw_0170,tally_wkRWzd,/var/folders/y7/z20t7xkd2w7_cy1_ksrzxwxh0000gn/T/New Folder With Items 2.zip,New Folder With Items 2/Анкета клиентов пекарни _Румяный каравай_ [wkRWzd].csv,New Folder With Items 2/Анкета клиентов пекарни _Румяный каравай_ [wkRWzd].csv,27462,Tally,2026-06-04T02:47:49
raw_0171,tally_mYGqV5,/var/folders/y7/z20t7xkd2w7_cy1_ksrzxwxh0000gn/T/New Folder With Items 2.zip,New Folder With Items 2/Опрос-исследование опыта использования программ лояльности [mYGqV5].csv,New Folder With Items 2/Опрос-исследование опыта использования программ лояльности [mYGqV5].csv,130151,Tally,2026-06-04T02:47:49
raw_0172,tally_n9lko4,/var/folders/y7/z20t7xkd2w7_cy1_ksrzxwxh0000gn/T/New Folder With Items 2.zip,New Folder With Items 2/Сибагро. Опрос внешний (Екатеринбург) [n9lko4].csv,New Folder With Items 2/Сибагро. Опрос внешний (Екатеринбург) [n9lko4].csv,98249,Tally,2026-06-04T02:47:49
raw_0173,tally_3jlB04,/var/folders/y7/z20t7xkd2w7_cy1_ksrzxwxh0000gn/T/New Folder With Items 2.zip,New Folder With Items 2/Опрос для неклиентов “Доктор Борменталь” (офлайн) [3jlB04].csv,New Folder With Items 2/Опрос для неклиентов “Доктор Борменталь” (офлайн) [3jlB04].csv,10453,Tally,2026-06-04T02:47:49
raw_0174,tally_nP2XDV,/var/folders/y7/z20t7xkd2w7_cy1_ksrzxwxh0000gn/T/New Folder With Items 2.zip,New Folder With Items 2/Анкета для оценки качества стоматологических услуг клиники _Менделеев_ [nP2XDV].csv,New Folder With Items 2/Анкета для оценки качества стоматологических услуг клиники _Менделеев_ [nP2XDV].csv,100907,Tally,2026-06-04T02:47:49
raw_0175,tally_mZOXvV,/var/folders/y7/z20t7xkd2w7_cy1_ksrzxwxh0000gn/T/New Folder With Items 2.zip,New Folder With Items 2/AutoA Sellers [mZOXvV].csv,New Folder With Items 2/AutoA Sellers [mZOXvV].csv,86968,Tally,2026-06-04T02:47:49
raw_0176,tally_mV5Kd6,/var/folders/y7/z20t7xkd2w7_cy1_ksrzxwxh0000gn/T/New Folder With Items 2.zip,New Folder With Items 2/Анализ рынка СПА [mV5Kd6].csv,New Folder With Items 2/Анализ рынка СПА [mV5Kd6].csv,17489,Tally,2026-06-04T02:47:49
raw_0177,tally_3ENl5X,/var/folders/y7/z20t7xkd2w7_cy1_ksrzxwxh0000gn/T/New Folder With Items 2.zip,New Folder With Items 2/Опрос ИНГАВТО_ Количественное исследование предпочтений и факторов выбора при оф [3ENl5X].csv,New Folder With Items 2/Опрос ИНГАВТО_ Количественное исследование предпочтений и факторов выбора при оф [3ENl5X].csv,44966,Tally,2026-06-04T02:47:49
raw_0178,tally_0QEjbP,/var/folders/y7/z20t7xkd2w7_cy1_ksrzxwxh0000gn/T/New Folder With Items 2.zip,New Folder With Items 2/Анкета для исследования спроса на новое заведение «Уйде» (заведение №3 — гастроб [0QEjbP].csv,New Folder With Items 2/Анкета для исследования спроса на новое заведение «Уйде» (заведение №3 — гастроб [0QEjbP].csv,152742,Tally,2026-06-04T02:47:49
raw_0179,tally_wAVg8e,/var/folders/y7/z20t7xkd2w7_cy1_ksrzxwxh0000gn/T/New Folder With Items 2.zip,New Folder With Items 2/Ringo. Հարցաթերթիկ ոչհաճախորդների համար [wAVg8e].csv,New Folder With Items 2/Ringo. Հարցաթերթիկ ոչհաճախորդների համար [wAVg8e].csv,899800,Tally,2026-06-04T02:47:49
raw_0180,tally_mVza4g,/var/folders/y7/z20t7xkd2w7_cy1_ksrzxwxh0000gn/T/New Folder With Items 2.zip,New Folder With Items 2/Опрос-исследование о предпочтениях в выборе хоккейных клюшек (моя ссылка) [mVza4g].csv,New Folder With Items 2/Опрос-исследование о предпочтениях в выборе хоккейных клюшек (моя ссылка) [mVza4g].csv,25386,Tally,2026-06-04T02:47:49
raw_0181,tally_nW0P8P,/var/folders/y7/z20t7xkd2w7_cy1_ksrzxwxh0000gn/T/New Folder With Items 2.zip,New Folder With Items 2/Анкета для опроса клиентов магазинов бытовой техники. [nW0P8P].csv,New Folder With Items 2/Анкета для опроса клиентов магазинов бытовой техники. [nW0P8P].csv,683676,Tally,2026-06-04T02:47:49
raw_0182,tally_3yd4MB,/var/folders/y7/z20t7xkd2w7_cy1_ksrzxwxh0000gn/T/New Folder With Items 2.zip,New Folder With Items 2/Опрос Моби Кинг_ Количественное исследование предпочтений и факторов выбора при [3yd4MB].csv,New Folder With Items 2/Опрос Моби Кинг_ Количественное исследование предпочтений и факторов выбора при [3yd4MB].csv,238605,Tally,2026-06-04T02:47:49
raw_0183,tally_wQ0ZOk,/var/folders/y7/z20t7xkd2w7_cy1_ksrzxwxh0000gn/T/New Folder With Items 2.zip,New Folder With Items 2/Сибагро. Опрос внешний (Красноярск) [wQ0ZOk].csv,New Folder With Items 2/Сибагро. Опрос внешний (Красноярск) [wQ0ZOk].csv,124565,Tally,2026-06-04T02:47:49
raw_0184,tally_wbWM6L,/var/folders/y7/z20t7xkd2w7_cy1_ksrzxwxh0000gn/T/New Folder With Items 2.zip,New Folder With Items 2/Опрос-исследование о предпочтениях в выборе хоккейных клюшек (Ира) [wbWM6L].csv,New Folder With Items 2/Опрос-исследование о предпочтениях в выборе хоккейных клюшек (Ира) [wbWM6L].csv,97367,Tally,2026-06-04T02:47:49
raw_0185,tally_mKL0gX,/var/folders/y7/z20t7xkd2w7_cy1_ksrzxwxh0000gn/T/New Folder With Items 2.zip,New Folder With Items 2/Анкета Анализ ожиданий соискателей [mKL0gX].csv,New Folder With Items 2/Анкета Анализ ожиданий соискателей [mKL0gX].csv,113666,Tally,2026-06-04T02:47:49
raw_0186,tally_3y4KB6,/var/folders/y7/z20t7xkd2w7_cy1_ksrzxwxh0000gn/T/New Folder With Items 2.zip,New Folder With Items 2/МЕТА. Опросы [3y4KB6].csv,New Folder With Items 2/МЕТА. Опросы [3y4KB6].csv,57031,Tally,2026-06-04T02:47:49
raw_0187,tally_wdPYyA,/var/folders/y7/z20t7xkd2w7_cy1_ksrzxwxh0000gn/T/New Folder With Items 2.zip,New Folder With Items 2/[ENG] Anonymous research on factors influencing the choice of private school [wdPYyA].csv,New Folder With Items 2/[ENG] Anonymous research on factors influencing the choice of private school [wdPYyA].csv,14351,Tally,2026-06-04T02:47:49
raw_0188,tally_wodBLO,/var/folders/y7/z20t7xkd2w7_cy1_ksrzxwxh0000gn/T/New Folder With Items 2.zip,"New Folder With Items 2/Currency exchange survey,Poland [wodBLO].csv","New Folder With Items 2/Currency exchange survey,Poland [wodBLO].csv",61561,Tally,2026-06-04T02:47:49
raw_0189,tally_wQ5W2Y,/var/folders/y7/z20t7xkd2w7_cy1_ksrzxwxh0000gn/T/New Folder With Items 2.zip,New Folder With Items 2/Анкета Бани ОАЭ (на 4 языках) [wQ5W2Y].csv,New Folder With Items 2/Анкета Бани ОАЭ (на 4 языках) [wQ5W2Y].csv,22194,Tally,2026-06-04T02:47:49
raw_0190,tally_wgGpyK,/var/folders/y7/z20t7xkd2w7_cy1_ksrzxwxh0000gn/T/New Folder With Items 2.zip,New Folder With Items 2/Опрос-исследование сценариев употребления водки [wgGpyK].csv,New Folder With Items 2/Опрос-исследование сценариев употребления водки [wgGpyK].csv,25343,Tally,2026-06-04T02:47:49
raw_0191,tally_w4N6dB,/var/folders/y7/z20t7xkd2w7_cy1_ksrzxwxh0000gn/T/New Folder With Items 2.zip,New Folder With Items 2/Анкета. Смокинг шоп [w4N6dB].csv,New Folder With Items 2/Анкета. Смокинг шоп [w4N6dB].csv,9755,Tally,2026-06-04T02:47:49
raw_0192,tally_3yYaQB,/var/folders/y7/z20t7xkd2w7_cy1_ksrzxwxh0000gn/T/New Folder With Items 2.zip,New Folder With Items 2/Этажи. Гайд глубинных интервью [3yYaQB].csv,New Folder With Items 2/Этажи. Гайд глубинных интервью [3yYaQB].csv,160271,Tally,2026-06-04T02:47:49
raw_0193,tally_kdNXoM,/var/folders/y7/z20t7xkd2w7_cy1_ksrzxwxh0000gn/T/New Folder With Items 2.zip,New Folder With Items 2/Опрос-исследование опыта использования слуховых аппаратов [kdNXoM].csv,New Folder With Items 2/Опрос-исследование опыта использования слуховых аппаратов [kdNXoM].csv,12646,Tally,2026-06-04T02:47:49
raw_0194,tally_meagPx,/var/folders/y7/z20t7xkd2w7_cy1_ksrzxwxh0000gn/T/New Folder With Items 2.zip,New Folder With Items 2/Hamkorbank МСБ [meagPx].csv,New Folder With Items 2/Hamkorbank МСБ [meagPx].csv,186672,Tally,2026-06-04T02:47:49
raw_0195,tally_3xQAzv,/var/folders/y7/z20t7xkd2w7_cy1_ksrzxwxh0000gn/T/New Folder With Items 2.zip,New Folder With Items 2/Анонимное исследование факторов выбора частной школы [3xQAzv].csv,New Folder With Items 2/Анонимное исследование факторов выбора частной школы [3xQAzv].csv,280206,Tally,2026-06-04T02:47:49
raw_0196,tally_Y5jV7N,/var/folders/y7/z20t7xkd2w7_cy1_ksrzxwxh0000gn/T/New Folder With Items 2.zip,New Folder With Items 2/ЛМ. Исследование 1 [Y5jV7N].csv,New Folder With Items 2/ЛМ. Исследование 1 [Y5jV7N].csv,64831,Tally,2026-06-04T02:47:49
raw_0197,tally_mYGYV0,/var/folders/y7/z20t7xkd2w7_cy1_ksrzxwxh0000gn/T/New Folder With Items 2.zip,New Folder With Items 2/AUTOA [mYGYV0].csv,New Folder With Items 2/AUTOA [mYGYV0].csv,105017,Tally,2026-06-04T02:47:49
raw_0198,tally_woMYJO,/var/folders/y7/z20t7xkd2w7_cy1_ksrzxwxh0000gn/T/New Folder With Items 2.zip,New Folder With Items 2/Анкета ЦЗЗ [woMYJO].csv,New Folder With Items 2/Анкета ЦЗЗ [woMYJO].csv,10431,Tally,2026-06-04T02:47:49
raw_0199,tally_n0epJ0,/var/folders/y7/z20t7xkd2w7_cy1_ksrzxwxh0000gn/T/New Folder With Items 2.zip,New Folder With Items 2/Hamkorbank B2C [n0epJ0].csv,New Folder With Items 2/Hamkorbank B2C [n0epJ0].csv,160774,Tally,2026-06-04T02:47:49
raw_0200,tally_mKaxzA,/var/folders/y7/z20t7xkd2w7_cy1_ksrzxwxh0000gn/T/New Folder With Items 2.zip,New Folder With Items 2/Опрос ИНГ-СТРОЙ_ Количественное исследование предпочтений и факторов выбора при [mKaxzA].csv,New Folder With Items 2/Опрос ИНГ-СТРОЙ_ Количественное исследование предпочтений и факторов выбора при [mKaxzA].csv,146610,Tally,2026-06-04T02:47:49
raw_0201,tally_3xaZ9G,/var/folders/y7/z20t7xkd2w7_cy1_ksrzxwxh0000gn/T/New Folder With Items 2.zip,New Folder With Items 2/Главстрой Санкт-Петербург. Внутренний опрос. (Северная долина) [3xaZ9G].csv,New Folder With Items 2/Главстрой Санкт-Петербург. Внутренний опрос. (Северная долина) [3xaZ9G].csv,328173,Tally,2026-06-04T02:47:49
raw_0202,tally_wvANe4,/var/folders/y7/z20t7xkd2w7_cy1_ksrzxwxh0000gn/T/New Folder With Items 2.zip,New Folder With Items 2/Анкета клиентов Печорин - краткая [wvANe4].csv,New Folder With Items 2/Анкета клиентов Печорин - краткая [wvANe4].csv,50304,Tally,2026-06-04T02:47:49
raw_0203,tally_mRZVav,/var/folders/y7/z20t7xkd2w7_cy1_ksrzxwxh0000gn/T/New Folder With Items 2.zip,New Folder With Items 2/Анкета для онлайн опроса [mRZVav].csv,New Folder With Items 2/Анкета для онлайн опроса [mRZVav].csv,84069,Tally,2026-06-04T02:47:49
raw_0204,tally_w4xjPb,/var/folders/y7/z20t7xkd2w7_cy1_ksrzxwxh0000gn/T/New Folder With Items 2.zip,New Folder With Items 2/Главстрой Санкт-Петербург. Внутренний опрос. (ЭГС) [w4xjPb].csv,New Folder With Items 2/Главстрой Санкт-Петербург. Внутренний опрос. (ЭГС) [w4xjPb].csv,586245,Tally,2026-06-04T02:47:49
raw_0205,tally_3XX5yY,/var/folders/y7/z20t7xkd2w7_cy1_ksrzxwxh0000gn/T/New Folder With Items 2.zip,New Folder With Items 2/Ringo. Анкета клиентов [3XX5yY].csv,New Folder With Items 2/Ringo. Анкета клиентов [3XX5yY].csv,11738,Tally,2026-06-04T02:47:49
raw_0206,tally_nW8rgv,/var/folders/y7/z20t7xkd2w7_cy1_ksrzxwxh0000gn/T/New Folder With Items 2.zip,New Folder With Items 2/Внешний опрос спортивных магазинов [nW8rgv].csv,New Folder With Items 2/Внешний опрос спортивных магазинов [nW8rgv].csv,9558,Tally,2026-06-04T02:47:49
raw_0207,tally_3E0NJB,/var/folders/y7/z20t7xkd2w7_cy1_ksrzxwxh0000gn/T/New Folder With Items 2.zip,New Folder With Items 2/Сибагро. Опрос внешний (Белгород) [3E0NJB].csv,New Folder With Items 2/Сибагро. Опрос внешний (Белгород) [3E0NJB].csv,171056,Tally,2026-06-04T02:47:49
raw_0208,tally_nrElyo,/var/folders/y7/z20t7xkd2w7_cy1_ksrzxwxh0000gn/T/New Folder With Items 2.zip,New Folder With Items 2/Xususiy bolalar bog'chasini tanlash omillarini o'rganish (UZB) [nrElyo].csv,New Folder With Items 2/Xususiy bolalar bog'chasini tanlash omillarini o'rganish (UZB) [nrElyo].csv,30267,Tally,2026-06-04T02:47:49
raw_0209,tally_w7Z6L0,/var/folders/y7/z20t7xkd2w7_cy1_ksrzxwxh0000gn/T/New Folder With Items 2.zip,New Folder With Items 2/ИЗТТ. Внутренний опрос. Short [w7Z6L0].csv,New Folder With Items 2/ИЗТТ. Внутренний опрос. Short [w7Z6L0].csv,142842,Tally,2026-06-04T02:47:49
raw_0210,tally_mZEBBV,/var/folders/y7/z20t7xkd2w7_cy1_ksrzxwxh0000gn/T/New Folder With Items 2.zip,New Folder With Items 2/Исследование опыта соискателей Пенза [mZEBBV].csv,New Folder With Items 2/Исследование опыта соискателей Пенза [mZEBBV].csv,123784,Tally,2026-06-04T02:47:49
raw_0211,tally_wMr1qY,/var/folders/y7/z20t7xkd2w7_cy1_ksrzxwxh0000gn/T/New Folder With Items 2.zip,New Folder With Items 2/Анкета для опросов НИЦ [wMr1qY].csv,New Folder With Items 2/Анкета для опросов НИЦ [wMr1qY].csv,218501,Tally,2026-06-04T02:47:49
raw_0212,tally_nP9Zrb,/var/folders/y7/z20t7xkd2w7_cy1_ksrzxwxh0000gn/T/New Folder With Items 2.zip,New Folder With Items 2/Опрос по теннису [nP9Zrb].csv,New Folder With Items 2/Опрос по теннису [nP9Zrb].csv,62544,Tally,2026-06-04T02:47:49
raw_0213,tally_w2vrDL,/var/folders/y7/z20t7xkd2w7_cy1_ksrzxwxh0000gn/T/New Folder With Items 2.zip,New Folder With Items 2/Сол. анкета БХТ [w2vrDL].csv,New Folder With Items 2/Сол. анкета БХТ [w2vrDL].csv,10809,Tally,2026-06-04T02:47:49
raw_0214,tally_3xYE7y,/var/folders/y7/z20t7xkd2w7_cy1_ksrzxwxh0000gn/T/New Folder With Items 2.zip,New Folder With Items 2/Опрос сотрудников компании [3xYE7y].csv,New Folder With Items 2/Опрос сотрудников компании [3xYE7y].csv,433099,Tally,2026-06-04T02:47:49
raw_0215,tally_3qPrkk,/var/folders/y7/z20t7xkd2w7_cy1_ksrzxwxh0000gn/T/New Folder With Items 2.zip,New Folder With Items 2/Сибагро. Опрос внешний (Новосибирск) [3qPrkk].csv,New Folder With Items 2/Сибагро. Опрос внешний (Новосибирск) [3qPrkk].csv,117072,Tally,2026-06-04T02:47:49
raw_0216,tally_woRNPx,/var/folders/y7/z20t7xkd2w7_cy1_ksrzxwxh0000gn/T/New Folder With Items 2.zip,New Folder With Items 2/Опрос сотрудников банка Арванд [woRNPx].csv,New Folder With Items 2/Опрос сотрудников банка Арванд [woRNPx].csv,32734,Tally,2026-06-04T02:47:49
raw_0217,tally_wz1Mq8,/var/folders/y7/z20t7xkd2w7_cy1_ksrzxwxh0000gn/T/New Folder With Items 2.zip,New Folder With Items 2/Опрос ТЕХНОШОК_ Количественное исследование предпочтений и факторов выбора при о [wz1Mq8].csv,New Folder With Items 2/Опрос ТЕХНОШОК_ Количественное исследование предпочтений и факторов выбора при о [wz1Mq8].csv,167003,Tally,2026-06-04T02:47:49
raw_0218,tally_wQevPY,/var/folders/y7/z20t7xkd2w7_cy1_ksrzxwxh0000gn/T/New Folder With Items 2.zip,New Folder With Items 2/DMC анкета опросов (2) [wQevPY].csv,New Folder With Items 2/DMC анкета опросов (2) [wQevPY].csv,10651,Tally,2026-06-04T02:47:49
raw_0219,tally_woK8BO,/var/folders/y7/z20t7xkd2w7_cy1_ksrzxwxh0000gn/T/New Folder With Items 2.zip,New Folder With Items 2/Анкета для опросов клиентов и неклиентов РМК [woK8BO].csv,New Folder With Items 2/Анкета для опросов клиентов и неклиентов РМК [woK8BO].csv,421983,Tally,2026-06-04T02:47:49
raw_0220,tally_wQz4O8,/var/folders/y7/z20t7xkd2w7_cy1_ksrzxwxh0000gn/T/New Folder With Items 2.zip,New Folder With Items 2/Тиглат [wQz4O8].csv,New Folder With Items 2/Тиглат [wQz4O8].csv,67559,Tally,2026-06-04T02:47:49
raw_0221,tally_wbkYL0,/var/folders/y7/z20t7xkd2w7_cy1_ksrzxwxh0000gn/T/New Folder With Items 2.zip,New Folder With Items 2/Опрос о торговых роботов_ИИ-помощниках на бирже [wbkYL0].csv,New Folder With Items 2/Опрос о торговых роботов_ИИ-помощниках на бирже [wbkYL0].csv,9615,Tally,2026-06-04T02:47:49
raw_0222,tally_OD1lpY,/var/folders/y7/z20t7xkd2w7_cy1_ksrzxwxh0000gn/T/New Folder With Items 2.zip,New Folder With Items 2/Исследование брендов одежды [OD1lpY].csv,New Folder With Items 2/Исследование брендов одежды [OD1lpY].csv,104209,Tally,2026-06-04T02:47:49
raw_0223,tally_mK69O8,/var/folders/y7/z20t7xkd2w7_cy1_ksrzxwxh0000gn/T/New Folder With Items 2.zip,"New Folder With Items 2/Buy Or Sell Please take this survey, it will help us create a new product on tra [mK69O8].csv","New Folder With Items 2/Buy Or Sell Please take this survey, it will help us create a new product on tra [mK69O8].csv",177,Tally,2026-06-04T02:47:49
raw_0224,tally_meEbOE,/var/folders/y7/z20t7xkd2w7_cy1_ksrzxwxh0000gn/T/New Folder With Items 2.zip,New Folder With Items 2/Ценалом. Анкета для опроса клиентов. [meEbOE].csv,New Folder With Items 2/Ценалом. Анкета для опроса клиентов. [meEbOE].csv,757588,Tally,2026-06-04T02:47:49
raw_0225,tally_wa5jO2,/var/folders/y7/z20t7xkd2w7_cy1_ksrzxwxh0000gn/T/New Folder With Items 2.zip,New Folder With Items 2/DMC анкета опросов (1) [wa5jO2].csv,New Folder With Items 2/DMC анкета опросов (1) [wa5jO2].csv,15845,Tally,2026-06-04T02:47:49
raw_0226,tally_mO02bp,/var/folders/y7/z20t7xkd2w7_cy1_ksrzxwxh0000gn/T/New Folder With Items 2.zip,New Folder With Items 2/Сибагро. Опрос внешний (Томск) [mO02bp].csv,New Folder With Items 2/Сибагро. Опрос внешний (Томск) [mO02bp].csv,150317,Tally,2026-06-04T02:47:49
raw_0227,tally_Gx6XJo,/var/folders/y7/z20t7xkd2w7_cy1_ksrzxwxh0000gn/T/New Folder With Items 2.zip,New Folder With Items 2/ЛМ. Исследование 3 [Gx6XJo].csv,New Folder With Items 2/ЛМ. Исследование 3 [Gx6XJo].csv,120851,Tally,2026-06-04T02:47:49
raw_0228,tally_nW5bYP,/var/folders/y7/z20t7xkd2w7_cy1_ksrzxwxh0000gn/T/New Folder With Items 2.zip,New Folder With Items 2/Анкета Бани ОАЭ (на КИТ) [nW5bYP].csv,New Folder With Items 2/Анкета Бани ОАЭ (на КИТ) [nW5bYP].csv,292509,Tally,2026-06-04T02:47:49
raw_0229,tally_np0yq1,/var/folders/y7/z20t7xkd2w7_cy1_ksrzxwxh0000gn/T/New Folder With Items 2.zip,New Folder With Items 2/Опрос для детских НИЦ [np0yq1].csv,New Folder With Items 2/Опрос для детских НИЦ [np0yq1].csv,177269,Tally,2026-06-04T02:47:49
raw_0230,tally_mJWlq4,/var/folders/y7/z20t7xkd2w7_cy1_ksrzxwxh0000gn/T/New Folder With Items 2.zip,New Folder With Items 2/Опрос LAMINAT-HALL_ Количественное исследование предпочтений и факторов выбора п [mJWlq4].csv,New Folder With Items 2/Опрос LAMINAT-HALL_ Количественное исследование предпочтений и факторов выбора п [mJWlq4].csv,140644,Tally,2026-06-04T02:47:49
raw_0231,tally_3xeqkr,/var/folders/y7/z20t7xkd2w7_cy1_ksrzxwxh0000gn/T/New Folder With Items 2.zip,New Folder With Items 2/Ringo. Анкета неклиентов [3xeqkr].csv,New Folder With Items 2/Ringo. Анкета неклиентов [3xeqkr].csv,760910,Tally,2026-06-04T02:47:49
raw_0232,tally_mBxlA1,/var/folders/y7/z20t7xkd2w7_cy1_ksrzxwxh0000gn/T/New Folder With Items 2.zip,New Folder With Items 2/РМС. Внутренний опрос. [mBxlA1].csv,New Folder With Items 2/РМС. Внутренний опрос. [mBxlA1].csv,388992,Tally,2026-06-04T02:47:49
