survey_id,project,survey_type,category,geography,field_date,sample_n,question_count,platform,primary_raw_file_id,raw_file,recovery_status,reuse_value,families,answer_types,notes
tally_w5k75d,Ваш опыт использования электрозарядных станций_ Опрос владельцев электромобилей,B2C Choice,auto/mobility,,,249,31,Tally,raw_0001,/var/folders/y7/z20t7xkd2w7_cy1_ksrzxwxh0000gn/T/tally_export.zip::tally_export/Ваш опыт использования электрозарядных станций_ Опрос владельцев электромобилей [w5k75d].csv,unreliable,high,other:15;demographics:7;open:3;factor:2;screening:1;scenario:1;channel:1;WTP:1,single:13;multi:10;numeric:3;unknown:3;matrix:1;open:1,
tally_3Ex5xX,Исследование работодателей рынка недвижимости,EVP Employer,HR/EVP,,,413,93,Tally,raw_0002,/var/folders/y7/z20t7xkd2w7_cy1_ksrzxwxh0000gn/T/tally_export.zip::tally_export/Исследование работодателей рынка недвижимости [3Ex5xX].csv,verified,high,other:72;demographics:9;trust:3;switching:3;channel:2;WTP:2;scenario:2,numeric:78;single:11;open:3;multi:1,
tally_mZ6Rp0,Внешняя анкета - факторы выбора работодателя,EVP Employer,HR/EVP,,,500,22,Tally,raw_0003,/var/folders/y7/z20t7xkd2w7_cy1_ksrzxwxh0000gn/T/tally_export.zip::tally_export/Внешняя анкета - факторы выбора работодателя [mZ6Rp0].csv,partly_reconstructed,high,factor:9;demographics:6;barrier:2;other:1;open:1;scenario:1;awareness:1;consideration:1,multi:9;single:8;open:4;matrix:1,duplicate_raw:raw_0092
tally_mO05EK,Опрос про автомобили (Тамбов),B2C Choice,auto/mobility,,,420,57,Tally,raw_0004,/var/folders/y7/z20t7xkd2w7_cy1_ksrzxwxh0000gn/T/tally_export.zip::tally_export/Опрос про автомобили (Тамбов) [mO05EK].csv,unreliable,high,other:33;demographics:9;factor:5;WTP:3;behavior:3;awareness:2;open:2,single:44;multi:6;matrix:5;open:2,
tally_mYWglz,Анкета клиентов Печорин,B2C Choice,food/FMCG,,,232,43,Tally,raw_0005,/var/folders/y7/z20t7xkd2w7_cy1_ksrzxwxh0000gn/T/tally_export.zip::tally_export/Анкета клиентов Печорин [mYWglz].csv,partly_reconstructed,high,other:18;channel:4;frequency:4;factor:4;demographics:4;scenario:3;awareness:3;WTP:2;behavior:1,single:13;open:12;matrix:11;multi:6;numeric:1,
tally_wdAOjN,ФФ. Анкета количественного исследования.,B2C Choice,food/FMCG,,,253,35,Tally,raw_0006,/var/folders/y7/z20t7xkd2w7_cy1_ksrzxwxh0000gn/T/tally_export.zip::tally_export/ФФ. Анкета количественного исследования. [wdAOjN].csv,partly_reconstructed,high,channel:12;demographics:7;other:6;barrier:3;screening:2;factor:2;frequency:1;WTP:1;behavior:1,open:15;single:11;multi:6;numeric:2;matrix:1,
tally_mKLDog,Анкета о предпочтениях в выборе ПК_услуг_периферии,B2C Choice,home/electronics,,,200,57,Tally,raw_0007,/var/folders/y7/z20t7xkd2w7_cy1_ksrzxwxh0000gn/T/tally_export.zip::tally_export/Анкета о предпочтениях в выборе ПК_услуг_периферии [mKLDog].csv,partly_reconstructed,high,other:23;demographics:10;open:8;barrier:8;channel:3;factor:2;behavior:1;scenario:1;trust:1,single:35;multi:8;open:8;unknown:3;matrix:2;numeric:1,
tally_wg9kZl,Анкета для количественного исследования РусАгроПром,B2C Choice,food/FMCG,,,762,79,Tally,raw_0008,/var/folders/y7/z20t7xkd2w7_cy1_ksrzxwxh0000gn/T/tally_export.zip::tally_export/Анкета для количественного исследования РусАгроПром [wg9kZl].csv,partly_reconstructed,high,other:27;demographics:9;behavior:8;WTP:7;channel:7;awareness:7;barrier:3;scenario:3;trust:2;frequency:2;open:2;screening:1;factor:1,single:34;open:29;multi:14;matrix:1;numeric:1,duplicate_raw:raw_0093
tally_mRPA74,Анкета для опроса _Альтмед+_,B2C Choice,healthcare,,,301,46,Tally,raw_0009,/var/folders/y7/z20t7xkd2w7_cy1_ksrzxwxh0000gn/T/tally_export.zip::tally_export/Анкета для опроса _Альтмед+_ [mRPA74].csv,partly_reconstructed,high,demographics:16;behavior:8;other:6;factor:5;frequency:4;scenario:3;barrier:2;WTP:2,open:17;multi:14;single:9;matrix:6,
tally_wvPDzA,ЭТАЖИ. Внутренний опрос.,Internal Employee,HR/EVP,,,315,90,Tally,raw_0010,/var/folders/y7/z20t7xkd2w7_cy1_ksrzxwxh0000gn/T/tally_export.zip::tally_export/ЭТАЖИ. Внутренний опрос. [wvPDzA].csv,verified,high,other:69;demographics:9;trust:3;switching:3;channel:2;WTP:2;scenario:2,numeric:76;single:9;open:3;multi:1;unknown:1,
tally_wM5zyg,Опрос про автомобили (Ставрополь),B2C Choice,auto/mobility,,,409,65,Tally,raw_0011,/var/folders/y7/z20t7xkd2w7_cy1_ksrzxwxh0000gn/T/tally_export.zip::tally_export/Опрос про автомобили (Ставрополь) [wM5zyg].csv,unreliable,high,other:44;demographics:8;WTP:3;factor:3;behavior:3;awareness:2;open:2,single:31;unknown:18;multi:9;matrix:5;numeric:1;open:1,
tally_3yy174,Сибагро. Опрос внутренний,Internal Employee,HR/EVP,,,1224,8,Tally,raw_0012,/var/folders/y7/z20t7xkd2w7_cy1_ksrzxwxh0000gn/T/tally_export.zip::tally_export/Сибагро. Опрос внутренний [3yy174].csv,partly_reconstructed,high,demographics:5;other:2;factor:1,single:6;open:1;matrix:1,duplicate_raw:raw_0090
tally_wzZb98,Анкета для опроса клиентов магазинов бытовой техники (Регионы),B2C Choice,home/electronics,,,329,43,Tally,raw_0013,/var/folders/y7/z20t7xkd2w7_cy1_ksrzxwxh0000gn/T/tally_export.zip::tally_export/Анкета для опроса клиентов магазинов бытовой техники (Регионы) [wzZb98].csv,unreliable,high,other:19;channel:11;demographics:6;factor:2;barrier:1;frequency:1;screening:1;trust:1;WTP:1,single:21;matrix:10;open:4;multi:4;numeric:2;unknown:2,
tally_3NXzGp,Потребительские предпочтения в выборе сыров (офлайн) FINAL,B2C Choice,food/FMCG,,,445,50,Tally,raw_0014,/var/folders/y7/z20t7xkd2w7_cy1_ksrzxwxh0000gn/T/tally_export.zip::tally_export/Потребительские предпочтения в выборе сыров (офлайн) FINAL [3NXzGp].csv,partly_reconstructed,high,other:9;demographics:8;channel:6;behavior:5;scenario:5;awareness:5;WTP:3;factor:3;barrier:2;trust:2;frequency:2,single:27;open:13;unknown:5;multi:3;matrix:2,
tally_3E0QYq,Опрос про автомобили (Липецк),B2C Choice,auto/mobility,,,418,56,Tally,raw_0015,/var/folders/y7/z20t7xkd2w7_cy1_ksrzxwxh0000gn/T/tally_export.zip::tally_export/Опрос про автомобили (Липецк) [3E0QYq].csv,unreliable,high,other:33;demographics:9;factor:5;WTP:3;behavior:3;awareness:2;open:1,single:38;multi:8;matrix:5;unknown:3;numeric:1;open:1,
tally_3y2jV8,DMC анкета опросов (6),B2C Choice,healthcare,,,404,43,Tally,raw_0016,/var/folders/y7/z20t7xkd2w7_cy1_ksrzxwxh0000gn/T/tally_export.zip::tally_export/DMC анкета опросов (6) [3y2jV8].csv,partly_reconstructed,high,other:13;demographics:12;behavior:7;scenario:4;frequency:2;factor:2;barrier:1;awareness:1;screening:1,single:26;open:10;numeric:2;unknown:2;matrix:2;multi:1,
tally_3XWL74,Главстрой Санкт-Петербург. Внутренний опрос.,Internal Employee,HR/EVP,,,393,37,Tally,raw_0017,/var/folders/y7/z20t7xkd2w7_cy1_ksrzxwxh0000gn/T/tally_export.zip::tally_export/Главстрой Санкт-Петербург. Внутренний опрос. [3XWL74].csv,partly_reconstructed,high,demographics:8;factor:8;WTP:8;other:7;open:5;scenario:1,single:18;matrix:15;multi:2;open:1;numeric:1,
tally_me60Nl,Русский продукт. Магадан - Количественное исследование,B2C Choice,food/FMCG,,,405,53,Tally,raw_0018,/var/folders/y7/z20t7xkd2w7_cy1_ksrzxwxh0000gn/T/tally_export.zip::tally_export/Русский продукт. Магадан - Количественное исследование [me60Nl].csv,unreliable,high,other:29;channel:12;demographics:8;barrier:2;open:1;frequency:1,multi:22;single:14;open:8;matrix:7;numeric:1;unknown:1,
tally_w2Go1L,Кинекст,B2C Choice,fitness/wellness,,,380,37,Tally,raw_0019,/var/folders/y7/z20t7xkd2w7_cy1_ksrzxwxh0000gn/T/tally_export.zip::tally_export/Кинекст [w2Go1L].csv,partly_reconstructed,high,other:13;demographics:8;channel:4;behavior:3;factor:2;frequency:2;awareness:2;screening:1;open:1;scenario:1,multi:22;single:11;open:3;matrix:1,
tally_31dpWg,Опрос-исследование опыта использования программ лояльности,B2C Choice,loyalty,,,438,28,Tally,raw_0020,/var/folders/y7/z20t7xkd2w7_cy1_ksrzxwxh0000gn/T/tally_export.zip::tally_export/Опрос-исследование опыта использования программ лояльности [31dpWg].csv,partly_reconstructed,high,other:14;demographics:7;factor:3;channel:1;open:1;trust:1;WTP:1,single:9;multi:7;open:6;matrix:5;unknown:1,
tally_3xMKXJ,Количественное исследование для DFC,B2C Choice,healthcare,,,330,34,Tally,raw_0021,/var/folders/y7/z20t7xkd2w7_cy1_ksrzxwxh0000gn/T/tally_export.zip::tally_export/Количественное исследование для DFC [3xMKXJ].csv,unreliable,high,other:16;demographics:11;behavior:4;awareness:1;scenario:1;factor:1,open:12;single:12;multi:5;matrix:3;numeric:1;unknown:1,
tally_wgoNMD,Кинекст (Палумяэ),B2C Choice,fitness/wellness,,,309,37,Tally,raw_0022,/var/folders/y7/z20t7xkd2w7_cy1_ksrzxwxh0000gn/T/tally_export.zip::tally_export/Кинекст (Палумяэ) [wgoNMD].csv,partly_reconstructed,high,other:14;demographics:8;channel:4;behavior:3;factor:2;frequency:2;awareness:2;screening:1;scenario:1,multi:22;single:11;open:2;numeric:1;matrix:1,
tally_w46pbO,Анкета онлайн опроса для клиентов Восточки,B2C Choice,food/FMCG,,,204,40,Tally,raw_0023,/var/folders/y7/z20t7xkd2w7_cy1_ksrzxwxh0000gn/T/tally_export.zip::tally_export/Анкета онлайн опроса для клиентов Восточки [w46pbO].csv,partly_reconstructed,high,other:17;WTP:6;scenario:4;demographics:4;factor:3;barrier:2;awareness:1;frequency:1;switching:1;open:1,single:17;multi:15;open:4;numeric:2;matrix:2,
tally_nrxkLp,Опрос потребителей о привычках и выборе товаров для здоровья и домашнего использ,B2C Choice,food/FMCG,,,268,39,Tally,raw_0024,/var/folders/y7/z20t7xkd2w7_cy1_ksrzxwxh0000gn/T/tally_export.zip::tally_export/Опрос потребителей о привычках и выборе товаров для здоровья и домашнего использ [nrxkLp].csv,partly_reconstructed,high,other:11;demographics:9;channel:7;behavior:3;awareness:3;frequency:2;factor:2;scenario:1;trust:1,single:21;multi:13;matrix:3;open:2,
tally_mOXMkY,Исследование рынка косметологических услуг в г. Самара,B2C Choice,healthcare,,,201,41,Tally,raw_0025,/var/folders/y7/z20t7xkd2w7_cy1_ksrzxwxh0000gn/T/tally_export.zip::tally_export/Исследование рынка косметологических услуг в г. Самара [mOXMkY].csv,partly_reconstructed,high,other:16;demographics:14;factor:3;scenario:2;barrier:2;behavior:1;frequency:1;WTP:1;awareness:1,single:14;open:9;unknown:7;numeric:5;matrix:5;multi:1,
tally_nrOG9R,Исследование потребительских особенностей в медицинских услугах,B2C Choice,healthcare,,,240,31,Tally,raw_0026,/var/folders/y7/z20t7xkd2w7_cy1_ksrzxwxh0000gn/T/tally_export.zip::tally_export/Исследование потребительских особенностей в медицинских услугах [nrOG9R].csv,partly_reconstructed,high,other:12;demographics:11;behavior:4;frequency:1;WTP:1;awareness:1;scenario:1,single:12;open:11;multi:4;matrix:3;unknown:1,
tally_w2Q0b9,EN. Исследование по аудитории пациентов в Казахстане,B2C Choice,healthcare,,,404,33,Tally,raw_0027,/var/folders/y7/z20t7xkd2w7_cy1_ksrzxwxh0000gn/T/tally_export.zip::tally_export/EN. Исследование по аудитории пациентов в Казахстане [w2Q0b9].csv,partly_reconstructed,high,other:13;demographics:7;scenario:3;barrier:3;behavior:2;factor:2;switching:1;trust:1;awareness:1,multi:24;single:6;numeric:1;matrix:1;open:1,
tally_3EdEXq,КПК72,B2C Choice,finance,,,418,43,Tally,raw_0028,/var/folders/y7/z20t7xkd2w7_cy1_ksrzxwxh0000gn/T/tally_export.zip::tally_export/КПК72 [3EdEXq].csv,verified,high,other:21;demographics:11;scenario:3;channel:2;frequency:1;WTP:1;behavior:1;awareness:1;trust:1;factor:1,open:18;numeric:16;single:9,
tally_w4jl05,Анкета количественного исследования для ГРФ (неклиенты)_2,Internal Employee,HR/EVP,,,201,33,Tally,raw_0029,/var/folders/y7/z20t7xkd2w7_cy1_ksrzxwxh0000gn/T/tally_export.zip::tally_export/Анкета количественного исследования для ГРФ (неклиенты)_2 [w4jl05].csv,partly_reconstructed,high,other:9;behavior:5;demographics:5;scenario:3;factor:3;screening:2;WTP:2;open:1;frequency:1;awareness:1;channel:1,open:12;single:10;multi:5;unknown:3;matrix:2;numeric:1,
tally_meaMNl,(ДЖУГ неклиенты) Исследование опыта участников IT-конференций,Event Conference,event/conference,,,464,47,Tally,raw_0030,/var/folders/y7/z20t7xkd2w7_cy1_ksrzxwxh0000gn/T/tally_export.zip::tally_export/(ДЖУГ неклиенты) Исследование опыта участников IT-конференций [meaMNl].csv,unreliable,high,other:25;barrier:4;behavior:3;demographics:3;frequency:3;consideration:2;factor:2;awareness:2;scenario:1;channel:1;open:1,single:22;multi:16;open:4;matrix:3;unknown:2,duplicate_raw:raw_0095
tally_3j1bra,Опрос про губки,B2C Choice,home/electronics,,,373,43,Tally,raw_0031,/var/folders/y7/z20t7xkd2w7_cy1_ksrzxwxh0000gn/T/tally_export.zip::tally_export/Опрос про губки [3j1bra].csv,partly_reconstructed,high,other:18;behavior:7;demographics:6;channel:5;frequency:2;switching:1;WTP:1;scenario:1;awareness:1;factor:1,single:18;multi:17;open:6;numeric:1;matrix:1,
tally_mYZDvN,Альтернатива. Внутренний опрос.,Internal Employee,HR/EVP,,,258,29,Tally,raw_0032,/var/folders/y7/z20t7xkd2w7_cy1_ksrzxwxh0000gn/T/tally_export.zip::tally_export/Альтернатива. Внутренний опрос. [mYZDvN].csv,partly_reconstructed,high,switching:12;demographics:7;factor:7;other:2;scenario:1,matrix:14;single:9;open:3;numeric:2;multi:1,
tally_3XDlbe,Национальная лотерея,Event Conference,event/conference,,,404,52,Tally,raw_0033,/var/folders/y7/z20t7xkd2w7_cy1_ksrzxwxh0000gn/T/tally_export.zip::tally_export/Национальная лотерея [3XDlbe].csv,partly_reconstructed,high,other:21;demographics:10;WTP:8;factor:3;barrier:2;behavior:2;open:1;frequency:1;scenario:1;channel:1;awareness:1;trust:1,single:34;open:11;multi:5;numeric:1;matrix:1,
tally_nP6Jkx,Октобанк,B2C Choice,finance,,,415,73,Tally,raw_0034,/var/folders/y7/z20t7xkd2w7_cy1_ksrzxwxh0000gn/T/tally_export.zip::tally_export/Октобанк [nP6Jkx].csv,partly_reconstructed,high,demographics:34;other:17;channel:7;WTP:5;scenario:4;open:1;screening:1;behavior:1;factor:1;awareness:1;frequency:1,single:36;multi:19;matrix:11;open:5;numeric:2,
tally_wADybN,Анкетирование сотрудников _БФТ_.,Internal Employee,HR/EVP,,,527,20,Tally,raw_0035,/var/folders/y7/z20t7xkd2w7_cy1_ksrzxwxh0000gn/T/tally_export.zip::tally_export/Анкетирование сотрудников _БФТ_. [wADybN].csv,partly_reconstructed,high,other:11;demographics:6;behavior:2;scenario:1,single:7;matrix:6;multi:4;open:3,duplicate_raw:raw_0091
tally_wkYYpR,Анкета для количественного исследования К+31,B2C Choice,healthcare,,,420,94,Tally,raw_0036,/var/folders/y7/z20t7xkd2w7_cy1_ksrzxwxh0000gn/T/tally_export.zip::tally_export/Анкета для количественного исследования К+31 [wkYYpR].csv,unreliable,high,other:74;demographics:8;factor:6;behavior:4;barrier:2,open:32;single:30;unknown:20;multi:6;numeric:4;matrix:2,
tally_31egdp,Анкета для опросов не клиентов Восточки,B2C Choice,food/FMCG,,,200,29,Tally,raw_0037,/var/folders/y7/z20t7xkd2w7_cy1_ksrzxwxh0000gn/T/tally_export.zip::tally_export/Анкета для опросов не клиентов Восточки [31egdp].csv,partly_reconstructed,high,other:10;WTP:4;demographics:4;scenario:3;factor:3;barrier:2;channel:1;frequency:1;behavior:1,single:13;multi:12;matrix:2;numeric:1;open:1,
tally_3ENlQo,Исследование потребительских предпочтений и факторов выбора при оформлении займо,B2C Choice,finance,,,221,41,Tally,raw_0038,/var/folders/y7/z20t7xkd2w7_cy1_ksrzxwxh0000gn/T/tally_export.zip::tally_export/Исследование потребительских предпочтений и факторов выбора при оформлении займо [3ENlQo].csv,partly_reconstructed,high,other:11;demographics:10;channel:9;scenario:4;behavior:2;frequency:2;factor:1;WTP:1;consideration:1,single:15;open:11;multi:8;matrix:3;unknown:3;numeric:1,
tally_mBBxqQ,Опрос сотрудников Корпорации Термекс,EVP Employer,HR/EVP,,,292,26,Tally,raw_0039,/var/folders/y7/z20t7xkd2w7_cy1_ksrzxwxh0000gn/T/tally_export.zip::tally_export/Опрос сотрудников Корпорации Термекс [mBBxqQ].csv,partly_reconstructed,high,demographics:7;WTP:7;factor:5;other:4;open:2;scenario:1,matrix:12;single:11;multi:1;open:1;numeric:1,
tally_woXJlV,Ringo. Հարցաթերթիկ հաճախորդների համար,B2C Choice,food/FMCG,,,1084,42,Tally,raw_0040,/var/folders/y7/z20t7xkd2w7_cy1_ksrzxwxh0000gn/T/tally_export.zip::tally_export/Ringo. Հարցաթերթիկ հաճախորդների համար [woXJlV].csv,partly_reconstructed,high,other:42,open:13;matrix:12;single:9;multi:7;unknown:1,duplicate_raw:raw_0094
tally_3XVBRO,Опрос-исследование фитнес-клубы,B2C Choice,healthcare,,,200,55,Tally,raw_0041,/var/folders/y7/z20t7xkd2w7_cy1_ksrzxwxh0000gn/T/tally_export.zip::tally_export/Опрос-исследование фитнес-клубы [3XVBRO].csv,unreliable,high,other:36;demographics:8;behavior:5;screening:1;barrier:1;scenario:1;factor:1;frequency:1;awareness:1,single:23;multi:16;open:12;unknown:3;matrix:1,
tally_mJ0A4r,Опрос про автомобили (Ростов),B2C Choice,auto/mobility,,,411,57,Tally,raw_0042,/var/folders/y7/z20t7xkd2w7_cy1_ksrzxwxh0000gn/T/tally_export.zip::tally_export/Опрос про автомобили (Ростов) [mJ0A4r].csv,unreliable,high,other:33;demographics:9;factor:5;WTP:3;behavior:3;awareness:2;open:2,single:33;multi:9;open:9;matrix:5;numeric:1,
tally_3Ele0q,ГИНЗА Бани. Опрос-исследование опыта использования банных комплексов и SPA центр,B2C Choice,fitness/wellness,,,453,49,Tally,raw_0043,/var/folders/y7/z20t7xkd2w7_cy1_ksrzxwxh0000gn/T/tally_export.zip::tally_export/ГИНЗА Бани. Опрос-исследование опыта использования банных комплексов и SPA центр [3Ele0q].csv,partly_reconstructed,high,other:20;WTP:7;demographics:5;scenario:3;barrier:3;channel:3;screening:2;behavior:2;factor:2;switching:1;frequency:1,single:18;matrix:17;open:6;multi:6;unknown:2,
tally_w4rGld,Муста Ярви,B2C Choice,unknown,,,214,40,Tally,raw_0044,/var/folders/y7/z20t7xkd2w7_cy1_ksrzxwxh0000gn/T/tally_export.zip::tally_export/Муста Ярви [w4rGld].csv,verified,medium,other:28;screening:2;consideration:2;demographics:2;WTP:2;factor:2;frequency:1;awareness:1,single:29;open:5;unknown:3;multi:2;numeric:1,
tally_w72GRP,Анкета НЕклиентов Печорин,B2C Choice,unknown,,,200,41,Tally,raw_0045,/var/folders/y7/z20t7xkd2w7_cy1_ksrzxwxh0000gn/T/tally_export.zip::tally_export/Анкета НЕклиентов Печорин [w72GRP].csv,partly_reconstructed,medium,other:41,open:36;single:3;multi:2,
survey_e5dd2ce96ea5,anketolog-report-2132990-survey-1035748-dinastiya-s-neklientyi-L60lTZ.xlsx,B2C Choice,unknown,,,203,20,XLSX,raw_0046,/var/folders/y7/z20t7xkd2w7_cy1_ksrzxwxh0000gn/T/Опросы.zip::Опросы/anketolog-report-2132990-survey-1035748-dinastiya-s-neklientyi-L60lTZ.xlsx,verified,medium,other:20,open:9;single:9;numeric:1;unknown:1,duplicate_raw:raw_0079
survey_674b0a7f7320,anketolog-report-2082085-survey-998428-santerra-anketa-dlya-neklientov-xpDLQd.xlsx,B2C Choice,unknown,,,65,22,XLSX,raw_0047,/var/folders/y7/z20t7xkd2w7_cy1_ksrzxwxh0000gn/T/Опросы.zip::Опросы/anketolog-report-2082085-survey-998428-santerra-anketa-dlya-neklientov-xpDLQd.xlsx,verified,low,other:22,single:14;open:6;numeric:1;unknown:1,duplicate_raw:raw_0080
survey_29b4c05c8650,anketolog-report-2116057-survey-1020398-mts21-oprosyi-neklientov-5SVfOs.xlsx,B2C Choice,unknown,,,38,19,XLSX,raw_0048,/var/folders/y7/z20t7xkd2w7_cy1_ksrzxwxh0000gn/T/Опросы.zip::Опросы/anketolog-report-2116057-survey-1020398-mts21-oprosyi-neklientov-5SVfOs.xlsx,verified,low,other:19,single:11;open:6;numeric:1;unknown:1,duplicate_raw:raw_0081
survey_ad67d09c1eb7,anketolog-report-2120048-survey-1029416-abrau-resvera-H1kZUY.xlsx,B2C Choice,unknown,,,386,25,XLSX,raw_0049,/var/folders/y7/z20t7xkd2w7_cy1_ksrzxwxh0000gn/T/Опросы.zip::Опросы/anketolog-report-2120048-survey-1029416-abrau-resvera-H1kZUY.xlsx,verified,medium,other:25,single:17;open:6;numeric:1;unknown:1,duplicate_raw:raw_0082
survey_ad2f73b59804,anketolog-report-2115153-survey-1027170-opros-o-ryinke-materialov-dlya-naruzhnoy-otdelki-doma-8TyLIA.xlsx,B2C Choice,unknown,,,204,23,XLSX,raw_0050,/var/folders/y7/z20t7xkd2w7_cy1_ksrzxwxh0000gn/T/Опросы.zip::Опросы/anketolog-report-2115153-survey-1027170-opros-o-ryinke-materialov-dlya-naruzhnoy-otdelki-doma-8TyLIA.xlsx,verified,medium,other:23,single:16;open:5;numeric:1;unknown:1,duplicate_raw:raw_0083
survey_43ea0df69e2b,anketolog-report-2082093-survey-998603-santerra-anketa-dlya-neklientov-detskoe-napravlenie-HPaDeR.xlsx,B2C Choice,unknown,,,27,18,XLSX,raw_0051,/var/folders/y7/z20t7xkd2w7_cy1_ksrzxwxh0000gn/T/Опросы.zip::Опросы/anketolog-report-2082093-survey-998603-santerra-anketa-dlya-neklientov-detskoe-napravlenie-HPaDeR.xlsx,verified,low,other:18,single:10;open:6;numeric:1;unknown:1,duplicate_raw:raw_0084
survey_bc0520ed7d73,anketolog-report-2112290-survey-1024509-opros-o-sportivnoy-odezhde-iGDRe8.xlsx,B2C Choice,unknown,,,252,23,XLSX,raw_0052,/var/folders/y7/z20t7xkd2w7_cy1_ksrzxwxh0000gn/T/Опросы.zip::Опросы/anketolog-report-2112290-survey-1024509-opros-o-sportivnoy-odezhde-iGDRe8.xlsx,verified,medium,other:23,single:16;open:5;numeric:1;unknown:1,duplicate_raw:raw_0085
survey_fd764cf4ae87,anketolog-report-2114014-survey-1024967-mrtts-anketa-po-neklientam-Byz45j.xlsx,B2C Choice,unknown,,,206,16,XLSX,raw_0053,/var/folders/y7/z20t7xkd2w7_cy1_ksrzxwxh0000gn/T/Опросы.zip::Опросы/anketolog-report-2114014-survey-1024967-mrtts-anketa-po-neklientam-Byz45j.xlsx,verified,medium,other:16,single:8;open:6;numeric:1;unknown:1,duplicate_raw:raw_0086
survey_697c1c20d0e2,anketolog-report-2127383-survey-1034677-myasnoy-gurman-klientyi-fDTudo.xlsx,B2C Choice,unknown,,,4,13,XLSX,raw_0054,/var/folders/y7/z20t7xkd2w7_cy1_ksrzxwxh0000gn/T/Опросы.zip::Опросы/anketolog-report-2127383-survey-1034677-myasnoy-gurman-klientyi-fDTudo.xlsx,verified,low,other:13,single:9;unknown:2;numeric:1;multi:1,duplicate_raw:raw_0087
survey_ba7340497413,anketolog-report-2129034-survey-1030508-myasnoy-gurman-neklientyi-85oN66.xlsx,B2C Choice,food/FMCG,,,203,14,XLSX,raw_0055,/var/folders/y7/z20t7xkd2w7_cy1_ksrzxwxh0000gn/T/Опросы.zip::Опросы/anketolog-report-2129034-survey-1030508-myasnoy-gurman-neklientyi-85oN66.xlsx,verified,high,other:14,single:7;open:5;numeric:1;unknown:1,duplicate_raw:raw_0088 direct_meat_sausage_analog; anketolog_page-columns_need_question_recovery
survey_365d8aa88808,anketolog-report-2089110-survey-1007883-biotehnologicheskie-produktyi-pitaniya-jclaRC.xlsx,B2C Choice,unknown,,,204,21,XLSX,raw_0056,/var/folders/y7/z20t7xkd2w7_cy1_ksrzxwxh0000gn/T/Опросы.zip::Опросы/anketolog-report-2089110-survey-1007883-biotehnologicheskie-produktyi-pitaniya-jclaRC.xlsx,verified,medium,other:21,single:14;open:5;numeric:1;unknown:1,duplicate_raw:raw_0089
survey_b88258a199df,Опрос_по_М_L7AgzR4d7KSePzw6S37yxQ_2026-6-4.xlsx,B2C Choice,unknown,,,373,9,XLSX,raw_0057,/var/folders/y7/z20t7xkd2w7_cy1_ksrzxwxh0000gn/T/Archive 2.zip::Опрос_по_М_L7AgzR4d7KSePzw6S37yxQ_2026-6-4.xlsx,verified,medium,other:9,numeric:5;single:2;open:2,
survey_ab48417e3e8f,Анкета_для_49hTEA8ECzCcDTM8rFDQz8_2026-6-4.xlsx,B2C Choice,unknown,,,497,9,XLSX,raw_0058,/var/folders/y7/z20t7xkd2w7_cy1_ksrzxwxh0000gn/T/Archive 2.zip::Анкета_для_49hTEA8ECzCcDTM8rFDQz8_2026-6-4.xlsx,verified,medium,other:9,numeric:5;single:2;open:2,
survey_b8c0f3bb60f5,Копия_Опро_PPCNUFC99GtazhfrXBAMAq_2026-6-4.xlsx,B2C Choice,unknown,,,416,9,XLSX,raw_0059,/var/folders/y7/z20t7xkd2w7_cy1_ksrzxwxh0000gn/T/Archive 2.zip::Копия_Опро_PPCNUFC99GtazhfrXBAMAq_2026-6-4.xlsx,verified,medium,other:9,numeric:5;single:2;open:2,
survey_b20b16ad58c4,Азбука_вку_LtcrBwtUAmW8DSiiyWckut_2026-6-4.xlsx,B2C Choice,unknown,,,569,9,XLSX,raw_0060,/var/folders/y7/z20t7xkd2w7_cy1_ksrzxwxh0000gn/T/Archive 2.zip::Азбука_вку_LtcrBwtUAmW8DSiiyWckut_2026-6-4.xlsx,verified,medium,other:9,numeric:5;single:2;open:2,
survey_25d7c035b36b,EN_от_28.0_4YQbF9gQQCyBbcVhcnFn3Z_2026-6-4.xlsx,B2C Choice,unknown,,,352,9,XLSX,raw_0061,/var/folders/y7/z20t7xkd2w7_cy1_ksrzxwxh0000gn/T/Archive 2.zip::EN_от_28.0_4YQbF9gQQCyBbcVhcnFn3Z_2026-6-4.xlsx,verified,medium,other:9,numeric:5;single:2;open:2,
survey_d560fdc6f952,Продвинуты_C5nXHBCxWNrKk1MRaPZRyG_2026-6-4.xlsx,B2C Choice,unknown,,,522,9,XLSX,raw_0062,/var/folders/y7/z20t7xkd2w7_cy1_ksrzxwxh0000gn/T/Archive 2.zip::Продвинуты_C5nXHBCxWNrKk1MRaPZRyG_2026-6-4.xlsx,verified,medium,other:9,numeric:5;single:2;open:2,
survey_d539d407c329,Опрос_про__4jqZWZQJ5pskW2unUStzkF_2026-6-4.xlsx,B2C Choice,unknown,,,575,9,XLSX,raw_0063,/var/folders/y7/z20t7xkd2w7_cy1_ksrzxwxh0000gn/T/Archive 2.zip::Опрос_про__4jqZWZQJ5pskW2unUStzkF_2026-6-4.xlsx,verified,medium,other:9,numeric:5;single:2;open:2,
survey_0f42d1ee9d1e,Городской__7aDQjhG5R6vMEWk4xG9ooX_2026-6-4.xlsx,B2C Choice,unknown,,,140,9,XLSX,raw_0064,/var/folders/y7/z20t7xkd2w7_cy1_ksrzxwxh0000gn/T/Archive 2.zip::Городской__7aDQjhG5R6vMEWk4xG9ooX_2026-6-4.xlsx,verified,medium,other:9,numeric:5;single:2;open:2,
survey_6809899f2adc,Юнифарм_8QaYzvG5KVMaqPWmXtiSzq_2026-6-4.xlsx,B2C Choice,unknown,,,509,9,XLSX,raw_0065,/var/folders/y7/z20t7xkd2w7_cy1_ksrzxwxh0000gn/T/Archive 2.zip::Юнифарм_8QaYzvG5KVMaqPWmXtiSzq_2026-6-4.xlsx,verified,medium,other:9,numeric:5;single:2;open:2,
survey_1836c93a275c,ГВ_XLshbx88jBFVqyRev1tkAT_2026-6-4.xlsx,B2C Choice,unknown,,,276,9,XLSX,raw_0066,/var/folders/y7/z20t7xkd2w7_cy1_ksrzxwxh0000gn/T/Archive 2.zip::ГВ_XLshbx88jBFVqyRev1tkAT_2026-6-4.xlsx,verified,medium,other:9,numeric:5;single:2;open:2,
survey_51513f63bd0d,Опрос_про__AQf3X1AvA3u9nm9n9Jk5oS_2026-6-4.xlsx,B2C Choice,unknown,,,449,9,XLSX,raw_0067,/var/folders/y7/z20t7xkd2w7_cy1_ksrzxwxh0000gn/T/Archive 2.zip::Опрос_про__AQf3X1AvA3u9nm9n9Jk5oS_2026-6-4.xlsx,verified,medium,other:9,numeric:5;single:2;open:2,
survey_601164609f05,Опрос_про__WcJKowZyTakRasE2FoY9m8_2026-6-4.xlsx,B2C Choice,unknown,,,799,9,XLSX,raw_0068,/var/folders/y7/z20t7xkd2w7_cy1_ksrzxwxh0000gn/T/Archive 2.zip::Опрос_про__WcJKowZyTakRasE2FoY9m8_2026-6-4.xlsx,verified,medium,other:9,numeric:5;single:2;open:2,
survey_5fb8b30e786e,Опрос_не_к_GhTMGvMb3z2XP7isUPbot2_2026-6-4.xlsx,B2C Choice,unknown,,,609,9,XLSX,raw_0069,/var/folders/y7/z20t7xkd2w7_cy1_ksrzxwxh0000gn/T/Archive 2.zip::Опрос_не_к_GhTMGvMb3z2XP7isUPbot2_2026-6-4.xlsx,verified,medium,other:9,numeric:5;single:2;open:2,
survey_307f49ac1f65,Продвинуты_DUAH8hoo936Fncy4XMs7mk_2026-6-4.xlsx,B2C Choice,unknown,,,186,9,XLSX,raw_0070,/var/folders/y7/z20t7xkd2w7_cy1_ksrzxwxh0000gn/T/Archive 2.zip::Продвинуты_DUAH8hoo936Fncy4XMs7mk_2026-6-4.xlsx,verified,medium,other:9,numeric:5;single:2;open:2,
survey_46fa5143e469,Охана_НКЛ_D3cRDN3HwAHx8Gv2HvhVJS_2026-6-4.xlsx,B2C Choice,unknown,,,588,9,XLSX,raw_0071,/var/folders/y7/z20t7xkd2w7_cy1_ksrzxwxh0000gn/T/Archive 2.zip::Охана_НКЛ_D3cRDN3HwAHx8Gv2HvhVJS_2026-6-4.xlsx,verified,medium,other:9,numeric:5;single:2;open:1;multi:1,
survey_4f9ab6dc0b1a,Опрос_клие_9rjuLbRvMeKod2GTCN4mQp_2026-6-4.xlsx,B2C Choice,unknown,,,259,9,XLSX,raw_0072,/var/folders/y7/z20t7xkd2w7_cy1_ksrzxwxh0000gn/T/Archive 2.zip::Опрос_клие_9rjuLbRvMeKod2GTCN4mQp_2026-6-4.xlsx,verified,medium,other:9,numeric:5;single:2;open:2,
survey_4e66d996c59d,Опрос_Лайф_D5qHjrMkppg4TUUBpJ4E8t_2026-6-4.xlsx,B2C Choice,unknown,,,251,9,XLSX,raw_0073,/var/folders/y7/z20t7xkd2w7_cy1_ksrzxwxh0000gn/T/Archive 2.zip::Опрос_Лайф_D5qHjrMkppg4TUUBpJ4E8t_2026-6-4.xlsx,verified,medium,other:9,numeric:5;single:2;open:2,
survey_521753d868fd,ДЗОРТ_WEeKu5t9mFqEk8Vpq5vbRz_2026-6-4.xlsx,B2C Choice,unknown,,,108,9,XLSX,raw_0074,/var/folders/y7/z20t7xkd2w7_cy1_ksrzxwxh0000gn/T/Archive 2.zip::ДЗОРТ_WEeKu5t9mFqEk8Vpq5vbRz_2026-6-4.xlsx,verified,medium,other:9,numeric:5;single:2;open:2,
survey_7e010903b205,Восточка.__DTfKvM8GXSCPdf3xhMhqis_2026-6-4.xlsx,B2C Choice,food/FMCG,,,309,9,XLSX,raw_0075,/var/folders/y7/z20t7xkd2w7_cy1_ksrzxwxh0000gn/T/Archive 2.zip::Восточка.__DTfKvM8GXSCPdf3xhMhqis_2026-6-4.xlsx,verified,high,other:9,numeric:5;single:2;open:2,
survey_68840b6668bb,БК._Анкета_4WbEKH65Qzgwtu151AGFEr_2026-6-4.xlsx,B2C Choice,unknown,,,210,9,XLSX,raw_0076,/var/folders/y7/z20t7xkd2w7_cy1_ksrzxwxh0000gn/T/Archive 2.zip::БК._Анкета_4WbEKH65Qzgwtu151AGFEr_2026-6-4.xlsx,verified,medium,other:9,numeric:5;single:2;open:2,
survey_906c5f52b6c1,БК._Анкета_9qvwnKohnc7AMD59uSSzdD_2026-6-4.xlsx,B2C Choice,unknown,,,210,9,XLSX,raw_0077,/var/folders/y7/z20t7xkd2w7_cy1_ksrzxwxh0000gn/T/Archive 2.zip::БК._Анкета_9qvwnKohnc7AMD59uSSzdD_2026-6-4.xlsx,verified,medium,other:9,numeric:5;single:2;open:2,
survey_a3276b5db7f7,МРТЦ._Анке_EBnohQhjxKNiEmM8aoSUv2_2026-6-4.xlsx,B2C Choice,unknown,,,233,9,XLSX,raw_0078,/var/folders/y7/z20t7xkd2w7_cy1_ksrzxwxh0000gn/T/Archive 2.zip::МРТЦ._Анке_EBnohQhjxKNiEmM8aoSUv2_2026-6-4.xlsx,verified,medium,other:9,numeric:5;single:2;open:2,
tally_meYdEl,Исследование рынка лакокрасочных материалов в Таджикистане,B2C Choice,construction/materials,,,125,20,Tally,raw_0096,/var/folders/y7/z20t7xkd2w7_cy1_ksrzxwxh0000gn/T/New Folder With Items.zip::New Folder With Items/Исследование рынка лакокрасочных материалов в Таджикистане [meYdEl].csv,partly_reconstructed,medium,other:20,multi:9;single:8;matrix:3,incremental_ingest_2026-06-04
tally_mY0xx0,Опрос сотрудников Банка Хлынов,EVP Employer,HR/EVP,,,158,25,Tally,raw_0097,/var/folders/y7/z20t7xkd2w7_cy1_ksrzxwxh0000gn/T/New Folder With Items.zip::New Folder With Items/Опрос сотрудников Банка Хлынов [mY0xx0].csv,partly_reconstructed,medium,WTP:8;demographics:7;other:4;factor:4;scenario:1;open:1,matrix:12;single:10;open:2;multi:1,incremental_ingest_2026-06-04
tally_3j7rV9,Анкетирование сотрудников _АКМЭ_ Внешняя анкета по опросу,EVP Employer,HR/EVP,,,186,26,Tally,raw_0098,/var/folders/y7/z20t7xkd2w7_cy1_ksrzxwxh0000gn/T/New Folder With Items.zip::New Folder With Items/Анкетирование сотрудников _АКМЭ_ Внешняя анкета по опросу [3j7rV9].csv,partly_reconstructed,medium,demographics:10;other:7;factor:4;screening:3;barrier:1;WTP:1,single:10;open:7;multi:7;numeric:2,incremental_ingest_2026-06-04
tally_n9o2V4,Анкета для количественного исследования предпочтений в выборе косметологического,B2C Choice,healthcare,,,141,9,Tally,raw_0099,/var/folders/y7/z20t7xkd2w7_cy1_ksrzxwxh0000gn/T/New Folder With Items.zip::New Folder With Items/Анкета для количественного исследования предпочтений в выборе косметологического [n9o2V4].csv,partly_reconstructed,medium,demographics:3;factor:3;open:2;other:1,single:7;matrix:2,incremental_ingest_2026-06-04
tally_mOP1vk,ИЗТТ. Внутренний опрос.,Internal Employee,HR/EVP,,,193,29,Tally,raw_0100,/var/folders/y7/z20t7xkd2w7_cy1_ksrzxwxh0000gn/T/New Folder With Items.zip::New Folder With Items/ИЗТТ. Внутренний опрос. [mOP1vk].csv,partly_reconstructed,medium,demographics:8;factor:8;WTP:7;other:4;open:1;scenario:1,matrix:15;single:11;open:2;numeric:1,incremental_ingest_2026-06-04
tally_3jkA86,Анкета для количественного исследования предпочтений в выборе косметологического,B2C Choice,healthcare,,,140,6,Tally,raw_0101,/var/folders/y7/z20t7xkd2w7_cy1_ksrzxwxh0000gn/T/New Folder With Items.zip::New Folder With Items/Анкета для количественного исследования предпочтений в выборе косметологического [3jkA86].csv,partly_reconstructed,medium,other:6,single:4;matrix:2,incremental_ingest_2026-06-04
tally_wok6Nb,Анкета о предпочтениях в выборе SPA комплекса в ОАЭ (Англ),B2C Choice,fitness/wellness,,,137,33,Tally,raw_0102,/var/folders/y7/z20t7xkd2w7_cy1_ksrzxwxh0000gn/T/New Folder With Items.zip::New Folder With Items/Анкета о предпочтениях в выборе SPA комплекса в ОАЭ (Англ) [wok6Nb].csv,partly_reconstructed,medium,other:33,single:12;multi:11;open:4;unknown:3;matrix:3,incremental_ingest_2026-06-04
tally_xXdNZJ,Анкета для опроса текущих и потенциальных клиентов «Второй»,B2C Choice,food/FMCG,,,163,31,Tally,raw_0103,/var/folders/y7/z20t7xkd2w7_cy1_ksrzxwxh0000gn/T/New Folder With Items.zip::New Folder With Items/Анкета для опроса текущих и потенциальных клиентов «Второй» [xXdNZJ].csv,partly_reconstructed,medium,other:11;WTP:4;behavior:3;screening:2;scenario:2;frequency:2;barrier:2;factor:2;demographics:2;awareness:1,single:14;multi:8;open:5;unknown:3;matrix:1,incremental_ingest_2026-06-04
tally_w7KMxA,Опрос_ бренд работодателя,EVP Employer,HR/EVP,,,120,13,Tally,raw_0104,/var/folders/y7/z20t7xkd2w7_cy1_ksrzxwxh0000gn/T/New Folder With Items.zip::New Folder With Items/Опрос_ бренд работодателя [w7KMxA].csv,partly_reconstructed,medium,other:6;demographics:4;open:1;factor:1;trust:1,open:6;single:5;multi:1;matrix:1,incremental_ingest_2026-06-04
tally_mV81Wj,Анкета количественного исследования для ГРФ (клиенты),B2C Choice,fitness/wellness,,,200,39,Tally,raw_0105,/var/folders/y7/z20t7xkd2w7_cy1_ksrzxwxh0000gn/T/New Folder With Items.zip::New Folder With Items/Анкета количественного исследования для ГРФ (клиенты) [mV81Wj].csv,partly_reconstructed,high,other:9;behavior:7;demographics:6;scenario:5;WTP:3;factor:2;awareness:2;channel:2;open:2;screening:1,open:16;single:14;multi:6;matrix:2;numeric:1,incremental_ingest_2026-06-04
tally_wQYN7k,Анкетирование сотрудников _АКМЭ_,EVP Employer,HR/EVP,,,186,45,Tally,raw_0106,/var/folders/y7/z20t7xkd2w7_cy1_ksrzxwxh0000gn/T/New Folder With Items.zip::New Folder With Items/Анкетирование сотрудников _АКМЭ_ [wQYN7k].csv,partly_reconstructed,medium,other:22;factor:9;demographics:8;screening:2;scenario:2;barrier:1;awareness:1,open:19;multi:14;single:9;numeric:2;matrix:1,incremental_ingest_2026-06-04
tally_w72OQ0,Анкета Бани ОАЭ (на РУС),B2C Choice,fitness/wellness,,,126,56,Tally,raw_0107,/var/folders/y7/z20t7xkd2w7_cy1_ksrzxwxh0000gn/T/New Folder With Items.zip::New Folder With Items/Анкета Бани ОАЭ (на РУС) [w72OQ0].csv,partly_reconstructed,medium,other:35;behavior:8;demographics:3;channel:3;frequency:2;WTP:2;scenario:1;barrier:1;factor:1,single:19;matrix:14;multi:12;open:8;unknown:3,incremental_ingest_2026-06-04
tally_nrVLRL,Анкета для опроса _Альтмед+_ анкета клиентов,B2C Choice,healthcare,,,177,48,Tally,raw_0108,/var/folders/y7/z20t7xkd2w7_cy1_ksrzxwxh0000gn/T/New Folder With Items.zip::New Folder With Items/Анкета для опроса _Альтмед+_ анкета клиентов [nrVLRL].csv,partly_reconstructed,medium,demographics:17;behavior:7;other:6;scenario:5;factor:5;frequency:4;barrier:2;screening:1;awareness:1,multi:20;single:12;open:10;matrix:4;numeric:1;unknown:1,incremental_ingest_2026-06-04
tally_wgkbBK,Анкета о предпочтениях в выборе SPA комплекса в ОАЭ (Арабский),B2C Choice,fitness/wellness,,,141,35,Tally,raw_0109,/var/folders/y7/z20t7xkd2w7_cy1_ksrzxwxh0000gn/T/New Folder With Items.zip::New Folder With Items/Анкета о предпочтениях в выборе SPA комплекса в ОАЭ (Арабский) [wgkbBK].csv,partly_reconstructed,medium,other:35,single:11;multi:10;unknown:7;open:4;matrix:3,incremental_ingest_2026-06-04
tally_w2xJ1V,Анкета для количественного исследования Свобода движения,B2C Choice,healthcare,,,119,56,Tally,raw_0110,/var/folders/y7/z20t7xkd2w7_cy1_ksrzxwxh0000gn/T/New Folder With Items.zip::New Folder With Items/Анкета для количественного исследования Свобода движения [w2xJ1V].csv,partly_reconstructed,medium,other:30;WTP:7;factor:7;barrier:4;scenario:2;behavior:2;demographics:2;open:1;frequency:1,single:26;multi:19;numeric:6;open:3;matrix:2,incremental_ingest_2026-06-04
tally_nrorkp,(ДЖУГ клиенты) Исследование опыта участников IT-конференций,Event Conference,event/conference,,,167,47,Tally,raw_0111,/var/folders/y7/z20t7xkd2w7_cy1_ksrzxwxh0000gn/T/New Folder With Items.zip::New Folder With Items/(ДЖУГ клиенты) Исследование опыта участников IT-конференций [nrorkp].csv,unreliable,medium,other:25;barrier:4;behavior:3;demographics:3;frequency:3;consideration:2;factor:2;awareness:2;scenario:1;channel:1;open:1,single:17;multi:16;open:10;matrix:3;unknown:1,incremental_ingest_2026-06-04
tally_wd7Ojy,Анкета онлайн опроса для клиентов Восточки по доставке,B2C Choice,food/FMCG,,,151,27,Tally,raw_0112,/var/folders/y7/z20t7xkd2w7_cy1_ksrzxwxh0000gn/T/New Folder With Items.zip::New Folder With Items/Анкета онлайн опроса для клиентов Восточки по доставке [wd7Ojy].csv,partly_reconstructed,medium,other:10;scenario:4;frequency:3;demographics:3;WTP:2;barrier:2;factor:1;behavior:1;switching:1,multi:15;single:5;open:3;numeric:2;matrix:2,incremental_ingest_2026-06-04
tally_311M4Q,ПВ. Исследование потребностей мастеров,B2B2C,construction/materials,,,120,81,Tally,raw_0113,/var/folders/y7/z20t7xkd2w7_cy1_ksrzxwxh0000gn/T/New Folder With Items.zip::New Folder With Items/ПВ. Исследование потребностей мастеров [311M4Q].csv,partly_reconstructed,medium,awareness:15;demographics:12;other:9;factor:8;behavior:7;channel:6;frequency:6;WTP:5;scenario:4;barrier:4;trust:3;open:2,multi:50;single:13;open:8;matrix:7;unknown:3,incremental_ingest_2026-06-04
tally_EkPbkr,Уйде. Анкета 2026,B2C Choice,food/FMCG,,,126,47,Tally,raw_0114,/var/folders/y7/z20t7xkd2w7_cy1_ksrzxwxh0000gn/T/New Folder With Items.zip::New Folder With Items/Уйде. Анкета 2026 [EkPbkr].csv,partly_reconstructed,medium,other:22;WTP:9;scenario:4;demographics:4;behavior:3;barrier:2;frequency:1;awareness:1;screening:1,single:24;open:12;multi:9;unknown:2,incremental_ingest_2026-06-04
tally_wQg7B1,Опрос _Фитнесс формула — напитки с полезными добавками и кофе_,B2C Choice,food/FMCG,,,150,30,Tally,raw_0115,/var/folders/y7/z20t7xkd2w7_cy1_ksrzxwxh0000gn/T/New Folder With Items.zip::New Folder With Items/Опрос _Фитнесс формула — напитки с полезными добавками и кофе_ [wQg7B1].csv,partly_reconstructed,medium,demographics:16;other:8;channel:3;screening:1;trust:1;awareness:1,multi:13;matrix:9;single:8,incremental_ingest_2026-06-04
tally_3Xq28g,Сибагро. Опрос внешний (Кемерово),EVP Employer,HR/EVP,,,133,16,Tally,raw_0116,/var/folders/y7/z20t7xkd2w7_cy1_ksrzxwxh0000gn/T/New Folder With Items.zip::New Folder With Items/Сибагро. Опрос внешний (Кемерово) [3Xq28g].csv,partly_reconstructed,medium,other:6;demographics:6;factor:1;screening:1;consideration:1;barrier:1,single:7;open:6;numeric:1;multi:1;matrix:1,incremental_ingest_2026-06-04
tally_wAjG2l,Анкета для количественного исследования предпочтений в выборе косметологического,B2C Choice,healthcare,,,139,6,Tally,raw_0117,/var/folders/y7/z20t7xkd2w7_cy1_ksrzxwxh0000gn/T/New Folder With Items.zip::New Folder With Items/Анкета для количественного исследования предпочтений в выборе косметологического [wAjG2l].csv,partly_reconstructed,medium,other:6,single:4;matrix:2,incremental_ingest_2026-06-04
tally_wMajBk,Опрос для клиентов “Доктор Борменталь”,B2C Choice,healthcare,,,151,52,Tally,raw_0118,/var/folders/y7/z20t7xkd2w7_cy1_ksrzxwxh0000gn/T/New Folder With Items.zip::New Folder With Items/Опрос для клиентов “Доктор Борменталь” [wMajBk].csv,partly_reconstructed,medium,other:19;demographics:14;factor:7;open:5;barrier:2;behavior:1;channel:1;scenario:1;frequency:1;WTP:1,open:21;single:13;multi:7;numeric:6;matrix:5,incremental_ingest_2026-06-04
tally_wQ0kPl,Анкета о предпочтениях в выборе мучных изделий,B2C Choice,food/FMCG,,,114,38,Tally,raw_0119,/var/folders/y7/z20t7xkd2w7_cy1_ksrzxwxh0000gn/T/New Folder With Items.zip::New Folder With Items/Анкета о предпочтениях в выборе мучных изделий [wQ0kPl].csv,partly_reconstructed,medium,other:11;demographics:8;behavior:6;factor:4;WTP:2;scenario:2;channel:2;trust:1;frequency:1;open:1,matrix:14;single:13;multi:6;open:5,incremental_ingest_2026-06-04
tally_mBdjeR,Анкета для жителей города,B2C Choice,home/electronics,,,128,23,Tally,raw_0120,/var/folders/y7/z20t7xkd2w7_cy1_ksrzxwxh0000gn/T/New Folder With Items.zip::New Folder With Items/Анкета для жителей города [mBdjeR].csv,partly_reconstructed,medium,channel:10;demographics:7;other:4;factor:2,open:9;single:6;matrix:3;multi:2;numeric:2;unknown:1,incremental_ingest_2026-06-04
tally_mO0Gxg,Опрос про автомобили (Воронеж),B2C Choice,auto/mobility,,,194,57,Tally,raw_0121,/var/folders/y7/z20t7xkd2w7_cy1_ksrzxwxh0000gn/T/New Folder With Items.zip::New Folder With Items/Опрос про автомобили (Воронеж) [mO0Gxg].csv,unreliable,medium,other:33;demographics:9;factor:5;WTP:3;behavior:3;awareness:2;open:2,single:44;multi:6;matrix:5;numeric:1;open:1,incremental_ingest_2026-06-04
tally_mVbAdJ,Анкета о предпочтениях в выборе SPA комплекса в ОАЭ,Event Conference,event/conference,,,142,32,Tally,raw_0122,/var/folders/y7/z20t7xkd2w7_cy1_ksrzxwxh0000gn/T/New Folder With Items.zip::New Folder With Items/Анкета о предпочтениях в выборе SPA комплекса в ОАЭ [mVbAdJ].csv,partly_reconstructed,medium,demographics:11;other:6;factor:5;open:3;channel:2;WTP:2;screening:1;frequency:1;barrier:1,single:11;multi:11;open:5;matrix:3;unknown:2,incremental_ingest_2026-06-04
tally_mR5L8p,Главстрой Санкт-Петербург. Внутренний опрос. (Юнтово),Internal Employee,HR/EVP,,,23,30,Tally,raw_0123,/var/folders/y7/z20t7xkd2w7_cy1_ksrzxwxh0000gn/T/New Folder With Items 2.zip::New Folder With Items 2/Главстрой Санкт-Петербург. Внутренний опрос. (Юнтово) [mR5L8p].csv,partly_reconstructed,low,demographics:8;WTP:8;factor:7;other:5;open:1;scenario:1,single:14;matrix:14;multi:1;numeric:1,incremental_ingest_2026-06-04_2
tally_GxKD0e,Анкета для оценки качества стоматологических услуг клиники _Доктор Гудман_,B2C Choice,healthcare,,,24,31,Tally,raw_0124,/var/folders/y7/z20t7xkd2w7_cy1_ksrzxwxh0000gn/T/New Folder With Items 2.zip::New Folder With Items 2/Анкета для оценки качества стоматологических услуг клиники _Доктор Гудман_ [GxKD0e].csv,partly_reconstructed,low,other:10;behavior:5;demographics:5;barrier:4;factor:2;trust:2;frequency:1;awareness:1;scenario:1,multi:13;single:13;open:2;unknown:1;matrix:1;numeric:1,incremental_ingest_2026-06-04_2
tally_Zj8dZ5,Опрос о выборе и эксплуатации дымоходов,B2C Choice,home/electronics,,,1,36,Tally,raw_0125,/var/folders/y7/z20t7xkd2w7_cy1_ksrzxwxh0000gn/T/New Folder With Items 2.zip::New Folder With Items 2/Опрос о выборе и эксплуатации дымоходов [Zj8dZ5].csv,partly_reconstructed,low,demographics:11;other:11;factor:3;scenario:2;WTP:2;screening:2;awareness:2;behavior:1;channel:1;switching:1,single:25;multi:5;numeric:4;matrix:2,incremental_ingest_2026-06-04_2
tally_m6jGbB,Исследование рынка строительных материалов,B2C Choice,construction/materials,,,8,29,Tally,raw_0126,/var/folders/y7/z20t7xkd2w7_cy1_ksrzxwxh0000gn/T/New Folder With Items 2.zip::New Folder With Items 2/Исследование рынка строительных материалов [m6jGbB].csv,unreliable,low,other:29,single:25;unknown:3;multi:1,incremental_ingest_2026-06-04_2
tally_w2k0VA,Исследование факторов выбора частного детского сада,B2C Choice,education,,,55,64,Tally,raw_0127,/var/folders/y7/z20t7xkd2w7_cy1_ksrzxwxh0000gn/T/New Folder With Items 2.zip::New Folder With Items 2/Исследование факторов выбора частного детского сада [w2k0VA].csv,unreliable,medium,other:32;demographics:12;behavior:3;barrier:3;WTP:3;open:2;scenario:2;awareness:2;channel:2;factor:2;frequency:1,single:50;multi:7;numeric:3;unknown:2;matrix:1;open:1,incremental_ingest_2026-06-04_2
tally_mYdZAd,[ENG] Anonymous research on factors influencing the choice of private kindergart,B2C Choice,education,,,1,64,Tally,raw_0128,/var/folders/y7/z20t7xkd2w7_cy1_ksrzxwxh0000gn/T/New Folder With Items 2.zip::New Folder With Items 2/[ENG] Anonymous research on factors influencing the choice of private kindergart [mYdZAd].csv,unreliable,low,other:64,single:31;unknown:23;multi:6;numeric:3;matrix:1,incremental_ingest_2026-06-04_2
tally_n9o71Y,Опрос клиентов_ Количественное исследование предпочтений и факторов выбора при о,B2C Choice,finance,,,8,44,Tally,raw_0129,/var/folders/y7/z20t7xkd2w7_cy1_ksrzxwxh0000gn/T/New Folder With Items 2.zip::New Folder With Items 2/Опрос клиентов_ Количественное исследование предпочтений и факторов выбора при о [n9o71Y].csv,partly_reconstructed,low,other:12;channel:10;demographics:10;scenario:4;behavior:2;frequency:2;factor:1;WTP:1;trust:1;consideration:1,single:27;multi:8;unknown:4;matrix:3;numeric:1;open:1,incremental_ingest_2026-06-04_2
tally_3XKa5d,ПВ. Интервью ОЕМ,B2B2C,auto/mobility,,,6,26,Tally,raw_0130,/var/folders/y7/z20t7xkd2w7_cy1_ksrzxwxh0000gn/T/New Folder With Items 2.zip::New Folder With Items 2/ПВ. Интервью ОЕМ [3XKa5d].csv,verified,low,other:11;channel:3;demographics:3;behavior:2;factor:2;barrier:2;awareness:1;switching:1;trust:1,single:25;numeric:1,incremental_ingest_2026-06-04_2
tally_mV8ZEj,Xususiy maktab tanlash omillarini o'rganish (UZB),B2C Choice,education,,,9,64,Tally,raw_0131,/var/folders/y7/z20t7xkd2w7_cy1_ksrzxwxh0000gn/T/New Folder With Items 2.zip::New Folder With Items 2/Xususiy maktab tanlash omillarini o'rganish (UZB) [mV8ZEj].csv,unreliable,low,other:64,single:35;unknown:19;multi:6;numeric:3;matrix:1,incremental_ingest_2026-06-04_2
tally_wvP1zl,Опрос-исследование о предпочтениях в выборе хоккейных клюшек,Event Conference,event/conference,,,26,52,Tally,raw_0132,/var/folders/y7/z20t7xkd2w7_cy1_ksrzxwxh0000gn/T/New Folder With Items 2.zip::New Folder With Items 2/Опрос-исследование о предпочтениях в выборе хоккейных клюшек [wvP1zl].csv,partly_reconstructed,low,open:16;other:15;demographics:6;factor:4;frequency:2;WTP:2;barrier:2;behavior:2;channel:2;awareness:1,single:17;open:17;multi:15;unknown:1;matrix:1;numeric:1,incremental_ingest_2026-06-04_2
tally_w4rkpO,Главстрой Санкт-Петербург. Внутренний опрос. (плохой вариант),Internal Employee,HR/EVP,,,4,60,Tally,raw_0133,/var/folders/y7/z20t7xkd2w7_cy1_ksrzxwxh0000gn/T/New Folder With Items 2.zip::New Folder With Items 2/Главстрой Санкт-Петербург. Внутренний опрос. (плохой вариант) [w4rkpO].csv,verified,low,other:37;demographics:9;WTP:4;switching:4;trust:2;open:1;channel:1;factor:1;scenario:1,numeric:41;single:14;unknown:4;multi:1,incremental_ingest_2026-06-04_2
tally_w4PRBA,Исследование потребностей водителей,B2C Choice,auto/mobility,,,1,9,Tally,raw_0134,/var/folders/y7/z20t7xkd2w7_cy1_ksrzxwxh0000gn/T/New Folder With Items 2.zip::New Folder With Items 2/Исследование потребностей водителей [w4PRBA].csv,verified,low,other:6;factor:1;behavior:1;demographics:1,single:9,incremental_ingest_2026-06-04_2
tally_mV8NjM,Thermex. Sondaggio interno (Italia),B2C Choice,unknown,,,6,26,Tally,raw_0135,/var/folders/y7/z20t7xkd2w7_cy1_ksrzxwxh0000gn/T/New Folder With Items 2.zip::New Folder With Items 2/Thermex. Sondaggio interno (Italia) [mV8NjM].csv,partly_reconstructed,low,other:26,single:13;matrix:12;numeric:1,incremental_ingest_2026-06-04_2
tally_wA8jKB,Thermex. 内部调查问卷。,B2C Choice,unknown,,,26,25,Tally,raw_0136,/var/folders/y7/z20t7xkd2w7_cy1_ksrzxwxh0000gn/T/New Folder With Items 2.zip::New Folder With Items 2/Thermex. 内部调查问卷。 [wA8jKB].csv,partly_reconstructed,low,other:25,matrix:12;single:11;multi:1;numeric:1,incremental_ingest_2026-06-04_2
tally_w4p4er,Исследование потребительских предпочтений и факторов выбора при оформлении займо,B2C Choice,finance,,,2,45,Tally,raw_0137,/var/folders/y7/z20t7xkd2w7_cy1_ksrzxwxh0000gn/T/New Folder With Items 2.zip::New Folder With Items 2/Исследование потребительских предпочтений и факторов выбора при оформлении займо [w4p4er].csv,partly_reconstructed,low,other:13;demographics:10;channel:9;scenario:4;behavior:3;frequency:2;factor:1;WTP:1;trust:1;consideration:1,single:24;unknown:13;multi:4;matrix:3;numeric:1,incremental_ingest_2026-06-04_2
tally_wLYGqJ,"Currency Exchange Survey, Türkiye",B2C Choice,finance,,,103,70,Tally,raw_0138,"/var/folders/y7/z20t7xkd2w7_cy1_ksrzxwxh0000gn/T/New Folder With Items 2.zip::New Folder With Items 2/Currency Exchange Survey, Türkiye [wLYGqJ].csv",partly_reconstructed,medium,other:70,numeric:39;multi:13;unknown:12;single:6,incremental_ingest_2026-06-04_2
tally_w2x8WM,Анкета текущих клиентов бара _Уйде_ в Астане,Event Conference,event/conference,,,82,38,Tally,raw_0139,/var/folders/y7/z20t7xkd2w7_cy1_ksrzxwxh0000gn/T/New Folder With Items 2.zip::New Folder With Items 2/Анкета текущих клиентов бара _Уйде_ в Астане [w2x8WM].csv,partly_reconstructed,medium,other:17;demographics:4;scenario:3;WTP:3;frequency:2;channel:2;factor:2;behavior:2;barrier:2;awareness:1,single:13;open:13;matrix:7;multi:4;unknown:1,incremental_ingest_2026-06-04_2
tally_mJ0X24,Анкета количественного исследования для ГРФ (неклиенты),B2C Choice,healthcare,,,1,37,Tally,raw_0140,/var/folders/y7/z20t7xkd2w7_cy1_ksrzxwxh0000gn/T/New Folder With Items 2.zip::New Folder With Items 2/Анкета количественного исследования для ГРФ (неклиенты) [mJ0X24].csv,partly_reconstructed,low,other:12;scenario:5;demographics:5;behavior:4;WTP:3;factor:3;screening:2;open:1;awareness:1;channel:1,single:25;multi:4;unknown:4;matrix:2;numeric:1;open:1,incremental_ingest_2026-06-04_2
tally_w2MeOg,Исследование потребностей клиентов марафона,B2C Choice,food/FMCG,,,36,57,Tally,raw_0141,/var/folders/y7/z20t7xkd2w7_cy1_ksrzxwxh0000gn/T/New Folder With Items 2.zip::New Folder With Items 2/Исследование потребностей клиентов марафона [w2MeOg].csv,partly_reconstructed,low,other:30;demographics:9;factor:4;trust:3;WTP:3;consideration:2;screening:2;barrier:2;scenario:1;awareness:1,single:22;multi:15;numeric:14;open:5;matrix:1,incremental_ingest_2026-06-04_2
tally_wveKg8,Опрос-исследование опыта использования программ лояльности (копия),B2C Choice,loyalty,,,1,10,Tally,raw_0142,/var/folders/y7/z20t7xkd2w7_cy1_ksrzxwxh0000gn/T/New Folder With Items 2.zip::New Folder With Items 2/Опрос-исследование опыта использования программ лояльности (копия) [wveKg8].csv,partly_reconstructed,low,demographics:4;other:3;factor:2;awareness:1,open:4;single:3;matrix:2;multi:1,incremental_ingest_2026-06-04_2
tally_nPzgVe,Исследование опыта сотрудников _Вита_,EVP Employer,HR/EVP,,,106,25,Tally,raw_0143,/var/folders/y7/z20t7xkd2w7_cy1_ksrzxwxh0000gn/T/New Folder With Items 2.zip::New Folder With Items 2/Исследование опыта сотрудников _Вита_ [nPzgVe].csv,partly_reconstructed,medium,WTP:8;demographics:7;other:4;factor:4;scenario:1;open:1,matrix:12;single:10;open:2;multi:1,incremental_ingest_2026-06-04_2
tally_lbBK7W,ЛМ. Исследование 2,B2C Choice,healthcare,,,39,45,Tally,raw_0144,/var/folders/y7/z20t7xkd2w7_cy1_ksrzxwxh0000gn/T/New Folder With Items 2.zip::New Folder With Items 2/ЛМ. Исследование 2 [lbBK7W].csv,unreliable,low,other:24;demographics:9;factor:3;WTP:2;open:1;scenario:1;channel:1;consideration:1;trust:1;behavior:1;barrier:1,single:19;multi:16;unknown:8;matrix:1;open:1,incremental_ingest_2026-06-04_2
tally_nG9bOz,Опрос-исследование опыта использования программ лояльности у партнеров,Internal Employee,HR/EVP,,,13,29,Tally,raw_0145,/var/folders/y7/z20t7xkd2w7_cy1_ksrzxwxh0000gn/T/New Folder With Items 2.zip::New Folder With Items 2/Опрос-исследование опыта использования программ лояльности у партнеров [nG9bOz].csv,partly_reconstructed,low,other:19;demographics:6;factor:2;barrier:1;awareness:1,single:14;numeric:9;multi:3;open:2;matrix:1,incremental_ingest_2026-06-04_2
tally_mO0odR,Сибагро. Опрос внешний (Бурятия),EVP Employer,HR/EVP,,,110,16,Tally,raw_0146,/var/folders/y7/z20t7xkd2w7_cy1_ksrzxwxh0000gn/T/New Folder With Items 2.zip::New Folder With Items 2/Сибагро. Опрос внешний (Бурятия) [mO0odR].csv,partly_reconstructed,medium,other:6;demographics:6;factor:1;screening:1;consideration:1;barrier:1,single:8;open:5;numeric:1;multi:1;matrix:1,incremental_ingest_2026-06-04_2
tally_mJzgbo,Опрос от компании СпортАвто,B2C Choice,auto/mobility,,,25,30,Tally,raw_0147,/var/folders/y7/z20t7xkd2w7_cy1_ksrzxwxh0000gn/T/New Folder With Items 2.zip::New Folder With Items 2/Опрос от компании СпортАвто [mJzgbo].csv,partly_reconstructed,low,other:8;channel:7;demographics:6;factor:3;screening:2;WTP:2;frequency:2,single:17;matrix:6;open:6;multi:1,incremental_ingest_2026-06-04_2
tally_3jxL0J,Термекс. Внутренний опрос. (Турецкий),Internal Employee,HR/EVP,,,9,25,Tally,raw_0148,/var/folders/y7/z20t7xkd2w7_cy1_ksrzxwxh0000gn/T/New Folder With Items 2.zip::New Folder With Items 2/Термекс. Внутренний опрос. (Турецкий) [3jxL0J].csv,partly_reconstructed,low,other:25,matrix:12;single:10;multi:1;unknown:1;numeric:1,incremental_ingest_2026-06-04_2
tally_mDkWEq,Исследование опыта соискателей,EVP Employer,HR/EVP,,,73,14,Tally,raw_0149,/var/folders/y7/z20t7xkd2w7_cy1_ksrzxwxh0000gn/T/New Folder With Items 2.zip::New Folder With Items 2/Исследование опыта соискателей [mDkWEq].csv,partly_reconstructed,medium,demographics:6;barrier:2;other:1;open:1;factor:1;scenario:1;awareness:1;consideration:1,single:7;open:5;multi:1;matrix:1,incremental_ingest_2026-06-04_2
tally_wbrkbg,"Currency Exchange Survey, USA",B2C Choice,finance,,,105,71,Tally,raw_0150,"/var/folders/y7/z20t7xkd2w7_cy1_ksrzxwxh0000gn/T/New Folder With Items 2.zip::New Folder With Items 2/Currency Exchange Survey, USA [wbrkbg].csv",partly_reconstructed,medium,other:71,numeric:39;unknown:12;single:10;open:8;multi:2,incremental_ingest_2026-06-04_2
tally_w7DzMR,Ника дент. Тестирование для сотрудников,EVP Employer,HR/EVP,,,59,33,Tally,raw_0151,/var/folders/y7/z20t7xkd2w7_cy1_ksrzxwxh0000gn/T/New Folder With Items 2.zip::New Folder With Items 2/Ника дент. Тестирование для сотрудников [w7DzMR].csv,partly_reconstructed,medium,other:11;WTP:8;demographics:7;factor:3;open:2;scenario:2,matrix:19;single:12;open:1;numeric:1,incremental_ingest_2026-06-04_2
tally_nG15KO,Survey about trading robots_AI assistants,B2C Choice,finance,,,2,27,Tally,raw_0152,/var/folders/y7/z20t7xkd2w7_cy1_ksrzxwxh0000gn/T/New Folder With Items 2.zip::New Folder With Items 2/Survey about trading robots_AI assistants [nG15KO].csv,partly_reconstructed,low,other:27,single:17;multi:5;matrix:3;unknown:1;numeric:1,incremental_ingest_2026-06-04_2
tally_waYJEE,Анкета Бани ОАЭ (на АРАБ),B2C Choice,unknown,,,50,53,Tally,raw_0153,/var/folders/y7/z20t7xkd2w7_cy1_ksrzxwxh0000gn/T/New Folder With Items 2.zip::New Folder With Items 2/Анкета Бани ОАЭ (на АРАБ) [waYJEE].csv,partly_reconstructed,medium,other:53,single:18;matrix:14;multi:11;unknown:6;open:4,incremental_ingest_2026-06-04_2
tally_wQAZpG,Октобанк диджитал,B2C Choice,finance,,,32,71,Tally,raw_0154,/var/folders/y7/z20t7xkd2w7_cy1_ksrzxwxh0000gn/T/New Folder With Items 2.zip::New Folder With Items 2/Октобанк диджитал [wQAZpG].csv,partly_reconstructed,low,demographics:34;other:16;channel:7;WTP:5;scenario:4;open:1;behavior:1;factor:1;awareness:1;frequency:1,single:44;multi:10;unknown:10;matrix:6;numeric:1,incremental_ingest_2026-06-04_2
tally_w4KYOk,Опрос-исследование опыта использования программ лояльности (short),B2C Choice,loyalty,,,23,10,Tally,raw_0155,/var/folders/y7/z20t7xkd2w7_cy1_ksrzxwxh0000gn/T/New Folder With Items 2.zip::New Folder With Items 2/Опрос-исследование опыта использования программ лояльности (short) [w4KYOk].csv,partly_reconstructed,low,demographics:6;other:2;factor:2,single:7;matrix:2;open:1,incremental_ingest_2026-06-04_2
tally_woREgN,Исследование опыта соискателей Ульяновск,EVP Employer,HR/EVP,,,72,14,Tally,raw_0156,/var/folders/y7/z20t7xkd2w7_cy1_ksrzxwxh0000gn/T/New Folder With Items 2.zip::New Folder With Items 2/Исследование опыта соискателей Ульяновск [woREgN].csv,partly_reconstructed,medium,demographics:6;barrier:2;other:1;open:1;factor:1;scenario:1;awareness:1;consideration:1,single:9;unknown:2;open:1;multi:1;matrix:1,incremental_ingest_2026-06-04_2
tally_meaGo0,Опрос-исследование о предпочтениях в выборе хоккейных клюшек (Валерий),Event Conference,event/conference,,,85,52,Tally,raw_0157,/var/folders/y7/z20t7xkd2w7_cy1_ksrzxwxh0000gn/T/New Folder With Items 2.zip::New Folder With Items 2/Опрос-исследование о предпочтениях в выборе хоккейных клюшек (Валерий) [meaGo0].csv,partly_reconstructed,medium,open:16;other:15;demographics:6;factor:4;frequency:2;WTP:2;barrier:2;behavior:2;channel:2;awareness:1,single:23;multi:13;unknown:10;open:4;matrix:1;numeric:1,incremental_ingest_2026-06-04_2
tally_w2a66e,Исследование опыта соискателей Йошкар Ола,EVP Employer,HR/EVP,,,57,14,Tally,raw_0158,/var/folders/y7/z20t7xkd2w7_cy1_ksrzxwxh0000gn/T/New Folder With Items 2.zip::New Folder With Items 2/Исследование опыта соискателей Йошкар Ола [w2a66e].csv,partly_reconstructed,medium,demographics:6;barrier:2;other:1;open:1;factor:1;scenario:1;awareness:1;consideration:1,single:9;open:2;multi:1;unknown:1;matrix:1,incremental_ingest_2026-06-04_2
tally_wkExVM,Опрос-исследование употребления водки,B2C Choice,food/FMCG,,,76,22,Tally,raw_0159,/var/folders/y7/z20t7xkd2w7_cy1_ksrzxwxh0000gn/T/New Folder With Items 2.zip::New Folder With Items 2/Опрос-исследование употребления водки [wkExVM].csv,unreliable,medium,other:14;demographics:4;behavior:3;scenario:1,single:11;multi:10;unknown:1,incremental_ingest_2026-06-04_2
tally_3NlZZ0,Исследование опыта соискателей Чебоксары,EVP Employer,HR/EVP,,,51,14,Tally,raw_0160,/var/folders/y7/z20t7xkd2w7_cy1_ksrzxwxh0000gn/T/New Folder With Items 2.zip::New Folder With Items 2/Исследование опыта соискателей Чебоксары [3NlZZ0].csv,partly_reconstructed,medium,demographics:6;barrier:2;other:1;open:1;factor:1;scenario:1;awareness:1;consideration:1,single:10;open:1;multi:1;unknown:1;matrix:1,incremental_ingest_2026-06-04_2
tally_wQeQQY,Исследование опыта соискателей Ижевск,EVP Employer,HR/EVP,,,71,14,Tally,raw_0161,/var/folders/y7/z20t7xkd2w7_cy1_ksrzxwxh0000gn/T/New Folder With Items 2.zip::New Folder With Items 2/Исследование опыта соискателей Ижевск [wQeQQY].csv,partly_reconstructed,medium,demographics:6;barrier:2;other:1;open:1;factor:1;scenario:1;awareness:1;consideration:1,single:10;open:1;multi:1;unknown:1;matrix:1,incremental_ingest_2026-06-04_2
tally_mK19eM,Опрос-исследование опыта посещения ресторанов,B2C Choice,food/FMCG,,,102,22,Tally,raw_0162,/var/folders/y7/z20t7xkd2w7_cy1_ksrzxwxh0000gn/T/New Folder With Items 2.zip::New Folder With Items 2/Опрос-исследование опыта посещения ресторанов [mK19eM].csv,partly_reconstructed,medium,demographics:9;other:6;open:4;behavior:1;WTP:1;screening:1,single:13;multi:5;matrix:2;unknown:1;open:1,incremental_ingest_2026-06-04_2
tally_31dDqg,DMC анкета опросов (3),B2C Choice,healthcare,,,1,41,Tally,raw_0163,/var/folders/y7/z20t7xkd2w7_cy1_ksrzxwxh0000gn/T/New Folder With Items 2.zip::New Folder With Items 2/DMC анкета опросов (3) [31dDqg].csv,partly_reconstructed,low,demographics:12;other:11;behavior:7;scenario:4;frequency:2;factor:2;barrier:1;awareness:1;screening:1,single:31;unknown:6;open:1;multi:1;matrix:1;numeric:1,incremental_ingest_2026-06-04_2
tally_nWvWrQ,ПВ. Интервью обычные,B2B2C,construction/materials,,,46,17,Tally,raw_0164,/var/folders/y7/z20t7xkd2w7_cy1_ksrzxwxh0000gn/T/New Folder With Items 2.zip::New Folder With Items 2/ПВ. Интервью обычные [nWvWrQ].csv,verified,low,other:9;channel:2;awareness:1;behavior:1;switching:1;trust:1;barrier:1;demographics:1,open:16;numeric:1,incremental_ingest_2026-06-04_2
tally_m6d4Qk,Опрос неклиентов BOS,B2C Choice,food/FMCG,,,1,7,Tally,raw_0165,/var/folders/y7/z20t7xkd2w7_cy1_ksrzxwxh0000gn/T/New Folder With Items 2.zip::New Folder With Items 2/Опрос неклиентов BOS [m6d4Qk].csv,verified,low,other:2;barrier:1;WTP:1;open:1;factor:1;behavior:1,numeric:4;single:2;unknown:1,incremental_ingest_2026-06-04_2
tally_mRRAdj,Функции сервисов для молодежи.,B2C Choice,youth/services,,,89,5,Tally,raw_0166,/var/folders/y7/z20t7xkd2w7_cy1_ksrzxwxh0000gn/T/New Folder With Items 2.zip::New Folder With Items 2/Функции сервисов для молодежи. [mRRAdj].csv,partly_reconstructed,medium,other:3;demographics:2,single:3;matrix:2,incremental_ingest_2026-06-04_2
tally_wbxXa1,Анкета Бани ОАЭ (на АНГЛ),B2C Choice,fitness/wellness,,,57,53,Tally,raw_0167,/var/folders/y7/z20t7xkd2w7_cy1_ksrzxwxh0000gn/T/New Folder With Items 2.zip::New Folder With Items 2/Анкета Бани ОАЭ (на АНГЛ) [wbxXa1].csv,partly_reconstructed,medium,other:53,single:14;matrix:14;multi:11;open:8;unknown:6,incremental_ingest_2026-06-04_2
tally_mJOVB7,Количественное исследование DFC Kids,B2C Choice,healthcare,,,1,46,Tally,raw_0168,/var/folders/y7/z20t7xkd2w7_cy1_ksrzxwxh0000gn/T/New Folder With Items 2.zip::New Folder With Items 2/Количественное исследование DFC Kids [mJOVB7].csv,partly_reconstructed,low,other:17;demographics:15;behavior:3;frequency:2;WTP:2;scenario:2;trust:2;factor:1;awareness:1;screening:1,single:22;unknown:12;numeric:5;matrix:4;multi:2;open:1,incremental_ingest_2026-06-04_2
tally_nGNppz,ИнгАвто. Анкета по клиентам,B2C Choice,auto/mobility,,,106,32,Tally,raw_0169,/var/folders/y7/z20t7xkd2w7_cy1_ksrzxwxh0000gn/T/New Folder With Items 2.zip::New Folder With Items 2/ИнгАвто. Анкета по клиентам [nGNppz].csv,partly_reconstructed,medium,channel:15;demographics:5;WTP:3;other:3;barrier:3;screening:1;frequency:1;factor:1,multi:19;single:11;unknown:1;matrix:1,incremental_ingest_2026-06-04_2
tally_wkRWzd,Анкета клиентов пекарни _Румяный каравай_,B2C Choice,food/FMCG,,,7,45,Tally,raw_0170,/var/folders/y7/z20t7xkd2w7_cy1_ksrzxwxh0000gn/T/New Folder With Items 2.zip::New Folder With Items 2/Анкета клиентов пекарни _Румяный каравай_ [wkRWzd].csv,partly_reconstructed,low,other:23;demographics:5;channel:3;factor:3;scenario:2;frequency:2;WTP:2;behavior:2;awareness:1;barrier:1;open:1,single:25;unknown:8;matrix:5;multi:5;numeric:2,incremental_ingest_2026-06-04_2
tally_mYGqV5,Опрос-исследование опыта использования программ лояльности,B2C Choice,loyalty,,,10,32,Tally,raw_0171,/var/folders/y7/z20t7xkd2w7_cy1_ksrzxwxh0000gn/T/New Folder With Items 2.zip::New Folder With Items 2/Опрос-исследование опыта использования программ лояльности [mYGqV5].csv,partly_reconstructed,low,other:15;demographics:9;factor:3;trust:2;channel:1;open:1;WTP:1,single:17;multi:7;matrix:5;unknown:2;numeric:1,incremental_ingest_2026-06-04_2
tally_n9lko4,Сибагро. Опрос внешний (Екатеринбург),EVP Employer,HR/EVP,,,69,16,Tally,raw_0172,/var/folders/y7/z20t7xkd2w7_cy1_ksrzxwxh0000gn/T/New Folder With Items 2.zip::New Folder With Items 2/Сибагро. Опрос внешний (Екатеринбург) [n9lko4].csv,partly_reconstructed,medium,other:6;demographics:6;factor:1;screening:1;consideration:1;barrier:1,single:7;open:6;numeric:1;multi:1;matrix:1,incremental_ingest_2026-06-04_2
tally_3jlB04,Опрос для неклиентов “Доктор Борменталь” (офлайн),B2C Choice,healthcare,,,1,44,Tally,raw_0173,/var/folders/y7/z20t7xkd2w7_cy1_ksrzxwxh0000gn/T/New Folder With Items 2.zip::New Folder With Items 2/Опрос для неклиентов “Доктор Борменталь” (офлайн) [3jlB04].csv,partly_reconstructed,low,demographics:14;other:14;open:5;factor:5;barrier:2;channel:1;scenario:1;frequency:1;WTP:1,single:22;unknown:9;numeric:5;matrix:4;multi:3;open:1,incremental_ingest_2026-06-04_2
tally_nP2XDV,Анкета для оценки качества стоматологических услуг клиники _Менделеев_,B2C Choice,healthcare,,,50,31,Tally,raw_0174,/var/folders/y7/z20t7xkd2w7_cy1_ksrzxwxh0000gn/T/New Folder With Items 2.zip::New Folder With Items 2/Анкета для оценки качества стоматологических услуг клиники _Менделеев_ [nP2XDV].csv,partly_reconstructed,medium,other:10;behavior:5;demographics:5;barrier:4;factor:2;trust:2;frequency:1;awareness:1;scenario:1,multi:13;single:13;open:2;unknown:1;matrix:1;numeric:1,incremental_ingest_2026-06-04_2
tally_mZOXvV,AutoA Sellers,B2B2C,auto/mobility,,,90,30,Tally,raw_0175,/var/folders/y7/z20t7xkd2w7_cy1_ksrzxwxh0000gn/T/New Folder With Items 2.zip::New Folder With Items 2/AutoA Sellers [mZOXvV].csv,partly_reconstructed,medium,other:30,single:16;open:10;multi:3;numeric:1,incremental_ingest_2026-06-04_2
tally_mV5Kd6,Анализ рынка СПА,B2C Choice,fitness/wellness,,,1,56,Tally,raw_0176,/var/folders/y7/z20t7xkd2w7_cy1_ksrzxwxh0000gn/T/New Folder With Items 2.zip::New Folder With Items 2/Анализ рынка СПА [mV5Kd6].csv,partly_reconstructed,low,other:34;behavior:8;demographics:3;channel:3;frequency:2;WTP:2;open:1;scenario:1;barrier:1;factor:1,single:32;matrix:14;unknown:9;multi:1,incremental_ingest_2026-06-04_2
tally_3ENl5X,Опрос ИНГАВТО_ Количественное исследование предпочтений и факторов выбора при оф,B2C Choice,finance,,,13,42,Tally,raw_0177,/var/folders/y7/z20t7xkd2w7_cy1_ksrzxwxh0000gn/T/New Folder With Items 2.zip::New Folder With Items 2/Опрос ИНГАВТО_ Количественное исследование предпочтений и факторов выбора при оф [3ENl5X].csv,partly_reconstructed,low,other:11;demographics:10;channel:9;scenario:4;behavior:2;frequency:2;factor:1;WTP:1;trust:1;consideration:1,single:26;multi:8;unknown:4;matrix:3;numeric:1,incremental_ingest_2026-06-04_2
tally_0QEjbP,Анкета для исследования спроса на новое заведение «Уйде» (заведение №3 — гастроб,B2C Choice,food/FMCG,,,102,22,Tally,raw_0178,/var/folders/y7/z20t7xkd2w7_cy1_ksrzxwxh0000gn/T/New Folder With Items 2.zip::New Folder With Items 2/Анкета для исследования спроса на новое заведение «Уйде» (заведение №3 — гастроб [0QEjbP].csv,partly_reconstructed,medium,other:13;WTP:3;factor:2;demographics:2;frequency:1;scenario:1,single:12;multi:4;unknown:3;open:2;matrix:1,incremental_ingest_2026-06-04_2
tally_wAVg8e,Ringo. Հարցաթերթիկ ոչհաճախորդների համար,B2C Choice,food/FMCG,,,112,45,Tally,raw_0179,/var/folders/y7/z20t7xkd2w7_cy1_ksrzxwxh0000gn/T/New Folder With Items 2.zip::New Folder With Items 2/Ringo. Հարցաթերթիկ ոչհաճախորդների համար [wAVg8e].csv,partly_reconstructed,medium,other:44;demographics:1,open:13;matrix:12;single:10;multi:6;unknown:4,incremental_ingest_2026-06-04_2
tally_mVza4g,Опрос-исследование о предпочтениях в выборе хоккейных клюшек (моя ссылка),Event Conference,event/conference,,,15,52,Tally,raw_0180,/var/folders/y7/z20t7xkd2w7_cy1_ksrzxwxh0000gn/T/New Folder With Items 2.zip::New Folder With Items 2/Опрос-исследование о предпочтениях в выборе хоккейных клюшек (моя ссылка) [mVza4g].csv,partly_reconstructed,low,open:16;other:15;demographics:6;factor:4;frequency:2;WTP:2;barrier:2;behavior:2;channel:2;awareness:1,single:30;multi:12;unknown:8;matrix:1;numeric:1,incremental_ingest_2026-06-04_2
tally_nW0P8P,Анкета для опроса клиентов магазинов бытовой техники.,B2C Choice,home/electronics,,,100,46,Tally,raw_0181,/var/folders/y7/z20t7xkd2w7_cy1_ksrzxwxh0000gn/T/New Folder With Items 2.zip::New Folder With Items 2/Анкета для опроса клиентов магазинов бытовой техники. [nW0P8P].csv,unreliable,medium,other:19;channel:13;demographics:6;factor:2;WTP:2;barrier:1;frequency:1;screening:1;trust:1,single:20;matrix:12;multi:4;unknown:4;numeric:3;open:3,incremental_ingest_2026-06-04_2
tally_3yd4MB,Опрос Моби Кинг_ Количественное исследование предпочтений и факторов выбора при,B2C Choice,finance,,,70,42,Tally,raw_0182,/var/folders/y7/z20t7xkd2w7_cy1_ksrzxwxh0000gn/T/New Folder With Items 2.zip::New Folder With Items 2/Опрос Моби Кинг_ Количественное исследование предпочтений и факторов выбора при [3yd4MB].csv,partly_reconstructed,medium,other:11;demographics:10;channel:9;scenario:4;behavior:2;frequency:2;factor:1;WTP:1;trust:1;consideration:1,open:12;unknown:11;single:10;multi:4;matrix:3;numeric:2,incremental_ingest_2026-06-04_2
tally_wQ0ZOk,Сибагро. Опрос внешний (Красноярск),EVP Employer,HR/EVP,,,87,16,Tally,raw_0183,/var/folders/y7/z20t7xkd2w7_cy1_ksrzxwxh0000gn/T/New Folder With Items 2.zip::New Folder With Items 2/Сибагро. Опрос внешний (Красноярск) [wQ0ZOk].csv,partly_reconstructed,medium,other:6;demographics:6;factor:1;screening:1;consideration:1;barrier:1,single:8;open:5;numeric:1;multi:1;matrix:1,incremental_ingest_2026-06-04_2
tally_wbWM6L,Опрос-исследование о предпочтениях в выборе хоккейных клюшек (Ира),Event Conference,event/conference,,,71,52,Tally,raw_0184,/var/folders/y7/z20t7xkd2w7_cy1_ksrzxwxh0000gn/T/New Folder With Items 2.zip::New Folder With Items 2/Опрос-исследование о предпочтениях в выборе хоккейных клюшек (Ира) [wbWM6L].csv,partly_reconstructed,medium,open:16;other:15;demographics:6;factor:4;frequency:2;WTP:2;barrier:2;behavior:2;channel:2;awareness:1,single:30;multi:13;open:4;unknown:3;matrix:1;numeric:1,incremental_ingest_2026-06-04_2
tally_mKL0gX,Анкета Анализ ожиданий соискателей,EVP Employer,HR/EVP,,,61,15,Tally,raw_0185,/var/folders/y7/z20t7xkd2w7_cy1_ksrzxwxh0000gn/T/New Folder With Items 2.zip::New Folder With Items 2/Анкета Анализ ожиданий соискателей [mKL0gX].csv,partly_reconstructed,medium,other:6;demographics:4;consideration:2;factor:1;awareness:1;screening:1,single:7;multi:4;open:2;numeric:1;matrix:1,incremental_ingest_2026-06-04_2
tally_3y4KB6,МЕТА. Опросы,B2C Choice,food/FMCG,,,32,67,Tally,raw_0186,/var/folders/y7/z20t7xkd2w7_cy1_ksrzxwxh0000gn/T/New Folder With Items 2.zip::New Folder With Items 2/МЕТА. Опросы [3y4KB6].csv,partly_reconstructed,low,other:41;demographics:12;behavior:5;screening:2;trust:2;frequency:1;factor:1;channel:1;awareness:1;barrier:1,single:45;multi:10;unknown:8;matrix:2;open:2,incremental_ingest_2026-06-04_2
tally_wdPYyA,[ENG] Anonymous research on factors influencing the choice of private school,B2C Choice,education,,,4,64,Tally,raw_0187,/var/folders/y7/z20t7xkd2w7_cy1_ksrzxwxh0000gn/T/New Folder With Items 2.zip::New Folder With Items 2/[ENG] Anonymous research on factors influencing the choice of private school [wdPYyA].csv,unreliable,low,other:64,single:38;unknown:15;multi:7;numeric:3;matrix:1,incremental_ingest_2026-06-04_2
tally_wodBLO,"Currency exchange survey,Poland",B2C Choice,finance,,,100,70,Tally,raw_0188,"/var/folders/y7/z20t7xkd2w7_cy1_ksrzxwxh0000gn/T/New Folder With Items 2.zip::New Folder With Items 2/Currency exchange survey,Poland [wodBLO].csv",partly_reconstructed,medium,other:70,numeric:39;unknown:12;multi:10;single:9,incremental_ingest_2026-06-04_2
tally_wQ5W2Y,Анкета Бани ОАЭ (на 4 языках),B2C Choice,fitness/wellness,,,1,53,Tally,raw_0189,/var/folders/y7/z20t7xkd2w7_cy1_ksrzxwxh0000gn/T/New Folder With Items 2.zip::New Folder With Items 2/Анкета Бани ОАЭ (на 4 языках) [wQ5W2Y].csv,partly_reconstructed,low,other:32;behavior:8;channel:3;demographics:2;frequency:2;WTP:2;open:1;scenario:1;barrier:1;factor:1,single:30;matrix:14;unknown:6;multi:3,incremental_ingest_2026-06-04_2
tally_wgGpyK,Опрос-исследование сценариев употребления водки,B2C Choice,food/FMCG,,,67,9,Tally,raw_0190,/var/folders/y7/z20t7xkd2w7_cy1_ksrzxwxh0000gn/T/New Folder With Items 2.zip::New Folder With Items 2/Опрос-исследование сценариев употребления водки [wgGpyK].csv,verified,medium,other:6;demographics:2;scenario:1,multi:9,incremental_ingest_2026-06-04_2
tally_w4N6dB,Анкета. Смокинг шоп,B2C Choice,home/electronics,,,3,34,Tally,raw_0191,/var/folders/y7/z20t7xkd2w7_cy1_ksrzxwxh0000gn/T/New Folder With Items 2.zip::New Folder With Items 2/Анкета. Смокинг шоп [w4N6dB].csv,partly_reconstructed,low,channel:21;demographics:5;other:2;frequency:2;factor:2;behavior:1;open:1,single:22;multi:6;matrix:4;unknown:2,incremental_ingest_2026-06-04_2
tally_3yYaQB,Этажи. Гайд глубинных интервью,Event Conference,event/conference,,,45,46,Tally,raw_0192,/var/folders/y7/z20t7xkd2w7_cy1_ksrzxwxh0000gn/T/New Folder With Items 2.zip::New Folder With Items 2/Этажи. Гайд глубинных интервью [3yYaQB].csv,verified,low,demographics:15;other:14;WTP:7;screening:3;factor:2;scenario:1;switching:1;consideration:1;behavior:1;barrier:1,single:31;open:9;multi:6,incremental_ingest_2026-06-04_2
tally_kdNXoM,Опрос-исследование опыта использования слуховых аппаратов,B2C Choice,food/FMCG,,,3,39,Tally,raw_0193,/var/folders/y7/z20t7xkd2w7_cy1_ksrzxwxh0000gn/T/New Folder With Items 2.zip::New Folder With Items 2/Опрос-исследование опыта использования слуховых аппаратов [kdNXoM].csv,partly_reconstructed,low,other:17;demographics:4;channel:3;scenario:3;WTP:2;consideration:2;factor:2;frequency:2;screening:1;barrier:1;awareness:1;trust:1,single:27;multi:9;matrix:2;numeric:1,incremental_ingest_2026-06-04_2
tally_meagPx,Hamkorbank МСБ,Internal Employee,HR/EVP,,,40,47,Tally,raw_0194,/var/folders/y7/z20t7xkd2w7_cy1_ksrzxwxh0000gn/T/New Folder With Items 2.zip::New Folder With Items 2/Hamkorbank МСБ [meagPx].csv,partly_reconstructed,low,demographics:20;other:10;factor:6;open:2;trust:2;WTP:2;scenario:2;screening:1;frequency:1;channel:1,single:20;multi:17;matrix:8;unknown:2,incremental_ingest_2026-06-04_2
tally_3xQAzv,Анонимное исследование факторов выбора частной школы,B2C Choice,education,,,90,64,Tally,raw_0195,/var/folders/y7/z20t7xkd2w7_cy1_ksrzxwxh0000gn/T/New Folder With Items 2.zip::New Folder With Items 2/Анонимное исследование факторов выбора частной школы [3xQAzv].csv,unreliable,medium,other:37;demographics:12;barrier:3;open:2;behavior:2;WTP:2;factor:2;scenario:1;channel:1;awareness:1;frequency:1,single:48;multi:7;open:3;numeric:3;unknown:2;matrix:1,incremental_ingest_2026-06-04_2
tally_Y5jV7N,ЛМ. Исследование 1,B2C Choice,healthcare,,,19,45,Tally,raw_0196,/var/folders/y7/z20t7xkd2w7_cy1_ksrzxwxh0000gn/T/New Folder With Items 2.zip::New Folder With Items 2/ЛМ. Исследование 1 [Y5jV7N].csv,unreliable,low,other:24;demographics:9;factor:3;WTP:2;open:1;scenario:1;channel:1;consideration:1;trust:1;behavior:1;barrier:1,multi:16;single:15;unknown:12;open:1;matrix:1,incremental_ingest_2026-06-04_2
tally_mYGYV0,AUTOA,B2C Choice,unknown,,,110,53,Tally,raw_0197,/var/folders/y7/z20t7xkd2w7_cy1_ksrzxwxh0000gn/T/New Folder With Items 2.zip::New Folder With Items 2/AUTOA [mYGYV0].csv,partly_reconstructed,medium,other:53,single:21;open:17;numeric:9;multi:6,incremental_ingest_2026-06-04_2
tally_woMYJO,Анкета ЦЗЗ,B2C Choice,finance,,,16,13,Tally,raw_0198,/var/folders/y7/z20t7xkd2w7_cy1_ksrzxwxh0000gn/T/New Folder With Items 2.zip::New Folder With Items 2/Анкета ЦЗЗ [woMYJO].csv,verified,low,other:6;scenario:3;demographics:2;screening:1;consideration:1,single:11;open:2,incremental_ingest_2026-06-04_2
tally_n0epJ0,Hamkorbank B2C,B2C Choice,food/FMCG,,,31,50,Tally,raw_0199,/var/folders/y7/z20t7xkd2w7_cy1_ksrzxwxh0000gn/T/New Folder With Items 2.zip::New Folder With Items 2/Hamkorbank B2C [n0epJ0].csv,partly_reconstructed,low,demographics:28;other:8;WTP:4;channel:3;scenario:2;frequency:2;open:1;factor:1;trust:1,multi:26;single:13;matrix:7;numeric:4,incremental_ingest_2026-06-04_2
tally_mKaxzA,Опрос ИНГ-СТРОЙ_ Количественное исследование предпочтений и факторов выбора при,B2C Choice,finance,,,42,42,Tally,raw_0200,/var/folders/y7/z20t7xkd2w7_cy1_ksrzxwxh0000gn/T/New Folder With Items 2.zip::New Folder With Items 2/Опрос ИНГ-СТРОЙ_ Количественное исследование предпочтений и факторов выбора при [mKaxzA].csv,partly_reconstructed,low,other:11;demographics:10;channel:9;scenario:4;behavior:2;frequency:2;factor:1;WTP:1;trust:1;consideration:1,unknown:13;open:12;single:9;multi:4;matrix:3;numeric:1,incremental_ingest_2026-06-04_2
tally_3xaZ9G,Главстрой Санкт-Петербург. Внутренний опрос. (Северная долина),Internal Employee,HR/EVP,,,46,30,Tally,raw_0201,/var/folders/y7/z20t7xkd2w7_cy1_ksrzxwxh0000gn/T/New Folder With Items 2.zip::New Folder With Items 2/Главстрой Санкт-Петербург. Внутренний опрос. (Северная долина) [3xaZ9G].csv,partly_reconstructed,low,demographics:8;WTP:8;factor:7;other:5;open:1;scenario:1,single:14;matrix:14;multi:1;numeric:1,incremental_ingest_2026-06-04_2
tally_wvANe4,Анкета клиентов Печорин - краткая,B2C Choice,food/FMCG,,,18,22,Tally,raw_0202,/var/folders/y7/z20t7xkd2w7_cy1_ksrzxwxh0000gn/T/New Folder With Items 2.zip::New Folder With Items 2/Анкета клиентов Печорин - краткая [wvANe4].csv,partly_reconstructed,low,other:9;channel:3;awareness:3;demographics:3;WTP:2;frequency:1;factor:1,single:14;multi:3;matrix:3;open:1;unknown:1,incremental_ingest_2026-06-04_2
tally_mRZVav,Анкета для онлайн опроса,B2C Choice,healthcare,,,16,53,Tally,raw_0203,/var/folders/y7/z20t7xkd2w7_cy1_ksrzxwxh0000gn/T/New Folder With Items 2.zip::New Folder With Items 2/Анкета для онлайн опроса [mRZVav].csv,partly_reconstructed,low,other:28;WTP:7;factor:7;behavior:3;scenario:2;barrier:2;demographics:2;open:1;frequency:1,single:19;multi:16;unknown:9;numeric:7;matrix:2,incremental_ingest_2026-06-04_2
tally_w4xjPb,Главстрой Санкт-Петербург. Внутренний опрос. (ЭГС),Internal Employee,HR/EVP,,,79,31,Tally,raw_0204,/var/folders/y7/z20t7xkd2w7_cy1_ksrzxwxh0000gn/T/New Folder With Items 2.zip::New Folder With Items 2/Главстрой Санкт-Петербург. Внутренний опрос. (ЭГС) [w4xjPb].csv,partly_reconstructed,medium,demographics:8;WTP:8;factor:7;other:6;open:1;scenario:1,single:14;matrix:14;multi:1;open:1;numeric:1,incremental_ingest_2026-06-04_2
tally_3XX5yY,Ringo. Анкета клиентов,B2C Choice,food/FMCG,,,1,42,Tally,raw_0205,/var/folders/y7/z20t7xkd2w7_cy1_ksrzxwxh0000gn/T/New Folder With Items 2.zip::New Folder With Items 2/Ringo. Анкета клиентов [3XX5yY].csv,partly_reconstructed,low,other:9;demographics:9;channel:6;WTP:5;scenario:4;frequency:4;factor:2;behavior:2;awareness:1,single:25;matrix:12;open:2;multi:1;numeric:1;unknown:1,incremental_ingest_2026-06-04_2
tally_nW8rgv,Внешний опрос спортивных магазинов,B2C Choice,home/electronics,,,2,27,Tally,raw_0206,/var/folders/y7/z20t7xkd2w7_cy1_ksrzxwxh0000gn/T/New Folder With Items 2.zip::New Folder With Items 2/Внешний опрос спортивных магазинов [nW8rgv].csv,partly_reconstructed,low,channel:10;other:6;demographics:5;open:2;scenario:1;frequency:1;factor:1;trust:1,single:18;unknown:5;matrix:3;open:1,incremental_ingest_2026-06-04_2
tally_3E0NJB,Сибагро. Опрос внешний (Белгород),EVP Employer,HR/EVP,,,104,20,Tally,raw_0207,/var/folders/y7/z20t7xkd2w7_cy1_ksrzxwxh0000gn/T/New Folder With Items 2.zip::New Folder With Items 2/Сибагро. Опрос внешний (Белгород) [3E0NJB].csv,partly_reconstructed,medium,other:11;demographics:5;factor:1;screening:1;consideration:1;barrier:1,single:12;open:3;multi:3;numeric:1;matrix:1,incremental_ingest_2026-06-04_2
tally_nrElyo,Xususiy bolalar bog'chasini tanlash omillarini o'rganish (UZB),B2C Choice,education,,,10,65,Tally,raw_0208,/var/folders/y7/z20t7xkd2w7_cy1_ksrzxwxh0000gn/T/New Folder With Items 2.zip::New Folder With Items 2/Xususiy bolalar bog'chasini tanlash omillarini o'rganish (UZB) [nrElyo].csv,unreliable,low,other:65,single:34;unknown:19;multi:6;numeric:3;open:2;matrix:1,incremental_ingest_2026-06-04_2
tally_w7Z6L0,ИЗТТ. Внутренний опрос. Short,Internal Employee,HR/EVP,,,37,15,Tally,raw_0209,/var/folders/y7/z20t7xkd2w7_cy1_ksrzxwxh0000gn/T/New Folder With Items 2.zip::New Folder With Items 2/ИЗТТ. Внутренний опрос. Short [w7Z6L0].csv,partly_reconstructed,low,factor:8;demographics:6;open:1,single:7;matrix:7;numeric:1,incremental_ingest_2026-06-04_2
tally_mZEBBV,Исследование опыта соискателей Пенза,EVP Employer,HR/EVP,,,70,14,Tally,raw_0210,/var/folders/y7/z20t7xkd2w7_cy1_ksrzxwxh0000gn/T/New Folder With Items 2.zip::New Folder With Items 2/Исследование опыта соискателей Пенза [mZEBBV].csv,partly_reconstructed,medium,demographics:6;barrier:2;other:1;open:1;factor:1;scenario:1;awareness:1;consideration:1,single:9;unknown:2;open:1;multi:1;matrix:1,incremental_ingest_2026-06-04_2
tally_wMr1qY,Анкета для опросов НИЦ,B2C Choice,food/FMCG,,,100,33,Tally,raw_0211,/var/folders/y7/z20t7xkd2w7_cy1_ksrzxwxh0000gn/T/New Folder With Items 2.zip::New Folder With Items 2/Анкета для опросов НИЦ [wMr1qY].csv,partly_reconstructed,medium,other:10;demographics:6;behavior:5;barrier:4;scenario:2;factor:2;trust:2;frequency:1;awareness:1,multi:14;single:12;open:5;matrix:1;numeric:1,incremental_ingest_2026-06-04_2
tally_nP9Zrb,Опрос по теннису,Event Conference,event/conference,,,17,27,Tally,raw_0212,/var/folders/y7/z20t7xkd2w7_cy1_ksrzxwxh0000gn/T/New Folder With Items 2.zip::New Folder With Items 2/Опрос по теннису [nP9Zrb].csv,partly_reconstructed,low,channel:10;other:6;demographics:5;open:2;scenario:1;frequency:1;factor:1;trust:1,single:17;unknown:4;matrix:3;multi:1;open:1;numeric:1,incremental_ingest_2026-06-04_2
tally_w2vrDL,Сол. анкета БХТ,Internal Employee,HR/EVP,,,9,51,Tally,raw_0213,/var/folders/y7/z20t7xkd2w7_cy1_ksrzxwxh0000gn/T/New Folder With Items 2.zip::New Folder With Items 2/Сол. анкета БХТ [w2vrDL].csv,unreliable,low,other:26;demographics:24;frequency:1,single:34;unknown:13;multi:2;numeric:2,incremental_ingest_2026-06-04_2
tally_3xYE7y,Опрос сотрудников компании,EVP Employer,HR/EVP,,,61,26,Tally,raw_0214,/var/folders/y7/z20t7xkd2w7_cy1_ksrzxwxh0000gn/T/New Folder With Items 2.zip::New Folder With Items 2/Опрос сотрудников компании [3xYE7y].csv,partly_reconstructed,medium,WTP:8;demographics:6;other:6;factor:5;scenario:1,matrix:13;single:11;multi:2,incremental_ingest_2026-06-04_2
tally_3qPrkk,Сибагро. Опрос внешний (Новосибирск),EVP Employer,HR/EVP,,,83,16,Tally,raw_0215,/var/folders/y7/z20t7xkd2w7_cy1_ksrzxwxh0000gn/T/New Folder With Items 2.zip::New Folder With Items 2/Сибагро. Опрос внешний (Новосибирск) [3qPrkk].csv,partly_reconstructed,medium,other:6;demographics:6;factor:1;screening:1;consideration:1;barrier:1,single:9;open:6;matrix:1,incremental_ingest_2026-06-04_2
tally_woRNPx,Опрос сотрудников банка Арванд,Internal Employee,HR/EVP,,,14,13,Tally,raw_0216,/var/folders/y7/z20t7xkd2w7_cy1_ksrzxwxh0000gn/T/New Folder With Items 2.zip::New Folder With Items 2/Опрос сотрудников банка Арванд [woRNPx].csv,verified,low,other:6;demographics:4;factor:2;WTP:1,single:12;multi:1,incremental_ingest_2026-06-04_2
tally_wz1Mq8,Опрос ТЕХНОШОК_ Количественное исследование предпочтений и факторов выбора при о,B2C Choice,finance,,,49,42,Tally,raw_0217,/var/folders/y7/z20t7xkd2w7_cy1_ksrzxwxh0000gn/T/New Folder With Items 2.zip::New Folder With Items 2/Опрос ТЕХНОШОК_ Количественное исследование предпочтений и факторов выбора при о [wz1Mq8].csv,partly_reconstructed,low,other:11;demographics:10;channel:9;scenario:4;behavior:2;frequency:2;factor:1;WTP:1;trust:1;consideration:1,single:16;multi:11;open:8;matrix:3;unknown:3;numeric:1,incremental_ingest_2026-06-04_2
tally_wQevPY,DMC анкета опросов (2),B2C Choice,healthcare,,,2,41,Tally,raw_0218,/var/folders/y7/z20t7xkd2w7_cy1_ksrzxwxh0000gn/T/New Folder With Items 2.zip::New Folder With Items 2/DMC анкета опросов (2) [wQevPY].csv,partly_reconstructed,low,demographics:12;other:11;behavior:7;scenario:4;frequency:2;factor:2;barrier:1;awareness:1;screening:1,single:32;unknown:5;multi:1;matrix:1;open:1;numeric:1,incremental_ingest_2026-06-04_2
tally_woK8BO,Анкета для опросов клиентов и неклиентов РМК,Internal Employee,HR/EVP,,,48,70,Tally,raw_0219,/var/folders/y7/z20t7xkd2w7_cy1_ksrzxwxh0000gn/T/New Folder With Items 2.zip::New Folder With Items 2/Анкета для опросов клиентов и неклиентов РМК [woK8BO].csv,partly_reconstructed,low,other:32;demographics:15;awareness:9;channel:5;frequency:2;trust:2;scenario:1;behavior:1;WTP:1;barrier:1;factor:1,single:24;numeric:20;open:15;multi:8;matrix:3,incremental_ingest_2026-06-04_2
tally_wQz4O8,Тиглат,B2C Choice,auto/mobility,,,15,20,Tally,raw_0220,/var/folders/y7/z20t7xkd2w7_cy1_ksrzxwxh0000gn/T/New Folder With Items 2.zip::New Folder With Items 2/Тиглат [wQz4O8].csv,partly_reconstructed,low,demographics:7;awareness:3;other:3;WTP:2;channel:2;open:1;screening:1;factor:1,single:9;multi:8;matrix:3,incremental_ingest_2026-06-04_2
tally_wbkYL0,Опрос о торговых роботов_ИИ-помощниках на бирже,B2C Choice,finance,,,6,26,Tally,raw_0221,/var/folders/y7/z20t7xkd2w7_cy1_ksrzxwxh0000gn/T/New Folder With Items 2.zip::New Folder With Items 2/Опрос о торговых роботов_ИИ-помощниках на бирже [wbkYL0].csv,partly_reconstructed,low,other:11;demographics:6;factor:3;awareness:3;open:1;channel:1;WTP:1,single:18;multi:4;matrix:3;unknown:1,incremental_ingest_2026-06-04_2
tally_OD1lpY,Исследование брендов одежды,B2C Choice,home/electronics,,,14,36,Tally,raw_0222,/var/folders/y7/z20t7xkd2w7_cy1_ksrzxwxh0000gn/T/New Folder With Items 2.zip::New Folder With Items 2/Исследование брендов одежды [OD1lpY].csv,partly_reconstructed,low,other:14;channel:13;demographics:5;screening:1;frequency:1;barrier:1;factor:1,matrix:16;multi:14;single:6,incremental_ingest_2026-06-04_2
tally_mK69O8,"Buy Or Sell Please take this survey, it will help us create a new product on tra",B2C Choice,unknown,,,1,6,Tally,raw_0223,"/var/folders/y7/z20t7xkd2w7_cy1_ksrzxwxh0000gn/T/New Folder With Items 2.zip::New Folder With Items 2/Buy Or Sell Please take this survey, it will help us create a new product on tra [mK69O8].csv",unreliable,low,other:6,single:4;numeric:2,incremental_ingest_2026-06-04_2
tally_meEbOE,Ценалом. Анкета для опроса клиентов.,B2C Choice,home/electronics,,,103,47,Tally,raw_0224,/var/folders/y7/z20t7xkd2w7_cy1_ksrzxwxh0000gn/T/New Folder With Items 2.zip::New Folder With Items 2/Ценалом. Анкета для опроса клиентов. [meEbOE].csv,unreliable,medium,other:22;channel:11;demographics:6;factor:2;barrier:1;frequency:1;trust:1;WTP:1;screening:1;open:1,single:22;matrix:10;open:8;multi:4;numeric:2;unknown:1,incremental_ingest_2026-06-04_2
tally_wa5jO2,DMC анкета опросов (1),B2C Choice,healthcare,,,5,41,Tally,raw_0225,/var/folders/y7/z20t7xkd2w7_cy1_ksrzxwxh0000gn/T/New Folder With Items 2.zip::New Folder With Items 2/DMC анкета опросов (1) [wa5jO2].csv,partly_reconstructed,low,demographics:12;other:11;behavior:7;scenario:4;frequency:2;factor:2;barrier:1;awareness:1;screening:1,single:32;unknown:5;multi:1;matrix:1;open:1;numeric:1,incremental_ingest_2026-06-04_2
tally_mO02bp,Сибагро. Опрос внешний (Томск),EVP Employer,HR/EVP,,,109,16,Tally,raw_0226,/var/folders/y7/z20t7xkd2w7_cy1_ksrzxwxh0000gn/T/New Folder With Items 2.zip::New Folder With Items 2/Сибагро. Опрос внешний (Томск) [mO02bp].csv,partly_reconstructed,medium,other:6;demographics:6;factor:1;screening:1;consideration:1;barrier:1,single:7;open:7;numeric:1;matrix:1,incremental_ingest_2026-06-04_2
tally_Gx6XJo,ЛМ. Исследование 3,B2C Choice,healthcare,,,35,45,Tally,raw_0227,/var/folders/y7/z20t7xkd2w7_cy1_ksrzxwxh0000gn/T/New Folder With Items 2.zip::New Folder With Items 2/ЛМ. Исследование 3 [Gx6XJo].csv,unreliable,low,other:24;demographics:9;factor:3;WTP:2;open:1;scenario:1;channel:1;consideration:1;trust:1;behavior:1;barrier:1,single:21;multi:16;unknown:5;open:2;matrix:1,incremental_ingest_2026-06-04_2
tally_nW5bYP,Анкета Бани ОАЭ (на КИТ),B2C Choice,fitness/wellness,,,51,53,Tally,raw_0228,/var/folders/y7/z20t7xkd2w7_cy1_ksrzxwxh0000gn/T/New Folder With Items 2.zip::New Folder With Items 2/Анкета Бани ОАЭ (на КИТ) [nW5bYP].csv,partly_reconstructed,medium,other:53,single:20;matrix:14;multi:9;open:5;unknown:5,incremental_ingest_2026-06-04_2
tally_np0yq1,Опрос для детских НИЦ,B2C Choice,healthcare,,,62,44,Tally,raw_0229,/var/folders/y7/z20t7xkd2w7_cy1_ksrzxwxh0000gn/T/New Folder With Items 2.zip::New Folder With Items 2/Опрос для детских НИЦ [np0yq1].csv,partly_reconstructed,medium,other:22;demographics:7;behavior:6;barrier:3;factor:2;screening:1;frequency:1;awareness:1;trust:1,single:17;multi:12;open:8;unknown:5;matrix:2,incremental_ingest_2026-06-04_2
tally_mJWlq4,Опрос LAMINAT-HALL_ Количественное исследование предпочтений и факторов выбора п,B2C Choice,finance,,,42,42,Tally,raw_0230,/var/folders/y7/z20t7xkd2w7_cy1_ksrzxwxh0000gn/T/New Folder With Items 2.zip::New Folder With Items 2/Опрос LAMINAT-HALL_ Количественное исследование предпочтений и факторов выбора п [mJWlq4].csv,partly_reconstructed,low,other:11;demographics:10;channel:9;scenario:4;behavior:2;frequency:2;factor:1;WTP:1;trust:1;consideration:1,single:18;unknown:13;multi:4;matrix:3;open:3;numeric:1,incremental_ingest_2026-06-04_2
tally_3xeqkr,Ringo. Анкета неклиентов,B2C Choice,food/FMCG,,,100,44,Tally,raw_0231,/var/folders/y7/z20t7xkd2w7_cy1_ksrzxwxh0000gn/T/New Folder With Items 2.zip::New Folder With Items 2/Ringo. Анкета неклиентов [3xeqkr].csv,partly_reconstructed,medium,other:12;demographics:8;channel:6;WTP:5;scenario:4;frequency:4;factor:2;behavior:2;awareness:1,open:13;matrix:12;single:10;multi:6;unknown:3,incremental_ingest_2026-06-04_2
tally_mBxlA1,РМС. Внутренний опрос.,Internal Employee,HR/EVP,,,111,71,Tally,raw_0232,/var/folders/y7/z20t7xkd2w7_cy1_ksrzxwxh0000gn/T/New Folder With Items 2.zip::New Folder With Items 2/РМС. Внутренний опрос. [mBxlA1].csv,partly_reconstructed,medium,other:41;demographics:9;behavior:8;trust:4;switching:3;WTP:2;scenario:2;factor:1;channel:1,numeric:54;single:9;open:5;matrix:2;multi:1,incremental_ingest_2026-06-04_2
